Id,Label,timeset,index,node,degree,Eccentricity,closnesscentrality,harmonicclosnesscentrality,betweenesscentrality,clustering,triangles,eigencentrality
0,colombia,,0,colombia,2524,3,0.617756,0.705256,57232.632973,0.021658,489,0.91889
1,gobierno,,1,gobierno,472,4,0.5,0.541417,4613.906335,0.11211,212,0.224858
2,pais,,2,pais,2996,4,0.623134,0.707086,61745.42202,0.025217,564,1
3,solucion,,3,solucion,0,0,0,0,0,0,0,0
4,mojana,,4,mojana,0,0,0,0,0,0,0,0
5,soluciones,,5,soluciones,0,0,0,0,0,0,0,0
6,libros,,6,libros,18,5,0.388372,0.409914,929.022977,0.3,3,0.007191
7,palabra,,7,palabra,0,0,0,0,0,0,0,0
8,palabras,,8,palabras,0,0,0,0,0,0,0,0
9,cauca,,9,cauca,0,0,0,0,0,0,0,0
10,fuerzas,,10,fuerzas,332,4,0.457117,0.488523,3811.967466,0.160099,65,0.104969
11,paz,,11,paz,1570,4,0.525157,0.58666,16970.517865,0.05319,296,0.722826
12,narino,,12,narino,14,5,0.396675,0.418064,0.52132,0.666667,4,0.010049
13,edificio,,13,edificio,0,0,0,0,0,0,0,0
14,administrativo,,14,administrativo,0,0,0,0,0,0,0,0
15,presidente,,15,presidente,478,4,0.470865,0.515303,6805.303304,0.079826,110,0.254709
16,mundo,,16,mundo,218,4,0.451351,0.479375,420.662646,0.212121,49,0.1681
17,medio,,17,medio,46,4,0.384793,0.407186,500.921373,0.5,5,0.010308
18,ambiente,,18,ambiente,36,4,0.384793,0.406354,2.410864,0.666667,4,0.005529
19,mar,,19,mar,0,0,0,0,0,0,0,0
20,san,,20,san,46,4,0.423142,0.443779,998,0.4,4,0.006945
21,andres,,21,andres,36,5,0.297683,0.306287,0,1,1,0.000646
22,empleo,,22,empleo,134,4,0.435652,0.462409,512.016748,0.366667,44,0.064367
23,unidad,,23,unidad,10,5,0.385088,0.404258,0,1,1,0.006829
24,regiones,,24,regiones,4,5,0.385088,0.404258,0,1,1,0.002403
25,caribe,,25,caribe,14,4,0.388673,0.41151,998.907053,0.333333,5,0.002411
26,pobreza,,26,pobreza,168,4,0.4567,0.486527,2303.084275,0.261538,85,0.08432
27,ley,,27,ley,130,4,0.451351,0.478044,332.024344,0.284211,54,0.05869
28,guajira,,28,guajira,12,5,0.335566,0.348204,0,1,1,0.00175
29,deporte,,29,deporte,80,4,0.443363,0.466733,1581.500065,0.217949,17,0.03389
30,colombianos,,30,colombianos,338,4,0.477598,0.507319,2920.106199,0.188948,106,0.222857
31,ejemplo,,31,ejemplo,4,4,0.421362,0.44012,0,1,1,0.004315
32,cafeteros,,32,cafeteros,56,4,0.42711,0.448769,242.797254,0.52381,11,0.017469
33,cafe,,33,cafe,54,4,0.424217,0.446108,263.23768,0.47619,10,0.01881
34,sector,,34,sector,148,4,0.435274,0.462741,2987.471916,0.198529,27,0.101418
35,financiero,,35,financiero,2,5,0.303452,0.312774,0,0,0,0.000241
36,acuerdos,,36,acuerdos,24,5,0.39984,0.421391,0,1,6,0.017835
37,solidaridad,,37,solidaridad,4,4,0.384202,0.404524,0,1,1,0.002563
38,caminata,,38,caminata,0,0,0,0,0,0,0,0
39,corrupcion,,39,corrupcion,90,4,0.443363,0.4669,689.919329,0.346154,27,0.020885
40,control,,40,control,0,0,0,0,0,0,0,0
41,brasil,,41,brasil,26,4,0.426383,0.445276,0,1,3,0.02479
42,constitucional,,42,constitucional,4,5,0.305116,0.313872,0.087838,0,0,0.000094
43,derechos,,43,derechos,92,4,0.455041,0.47821,1170.971281,0.316667,38,0.037114
44,constitucion,,44,constitucion,12,4,0.424576,0.44511,168.333568,0.5,5,0.006583
45,tierras,,45,tierras,18,5,0.320948,0.333067,0.54977,0.333333,2,0.001686
46,campesinos,,46,campesinos,24,4,0.436792,0.456587,52.887497,0.6,9,0.012818
47,tierra,,47,tierra,16,5,0.397304,0.419395,4.874154,0.6,6,0.007994
48,vivienda,,48,vivienda,44,5,0.39325,0.417898,37.305697,0.388889,14,0.014214
49,paises,,49,paises,166,4,0.439474,0.465569,526.631823,0.333333,40,0.091979
50,lucha,,50,lucha,44,4,0.437173,0.46008,413.919769,0.363636,20,0.006615
51,democracia,,51,democracia,44,4,0.440246,0.460745,245.732021,0.392857,11,0.021837
52,elecciones,,52,elecciones,52,4,0.431525,0.453925,800.422987,0.333333,12,0.016684
53,seguridad,,53,seguridad,222,4,0.458791,0.494012,4400.926579,0.129412,77,0.072185
54,comerciantes,,54,comerciantes,0,0,0,0,0,0,0,0
55,formalizacion,,55,formalizacion,0,0,0,0,0,0,0,0
56,comercio,,56,comercio,58,4,0.434519,0.457252,13.813548,0.488889,22,0.041205
57,judicial,,57,judicial,10,5,0.336694,0.349701,0,1,1,0.001375
58,justicia,,58,justicia,224,4,0.452166,0.482701,1777.210963,0.218462,71,0.087617
59,colegio,,59,colegio,64,4,0.430412,0.451763,9.239687,0.666667,14,0.021801
60,educacion,,60,educacion,410,4,0.461326,0.495343,3958.775534,0.153298,86,0.184139
61,restauracion,,61,restauracion,0,0,0,0,0,0,0,0
62,ciento,,62,ciento,176,4,0.463889,0.49185,1253.510862,0.221538,72,0.109884
63,reforma,,63,reforma,58,4,0.433766,0.456753,30.694651,0.488889,22,0.024882
64,mesa,,64,mesa,0,0,0,0,0,0,0,0
65,infraestructura,,65,infraestructura,108,4,0.445333,0.469062,20.585287,0.373626,34,0.072993
66,nacional,,66,nacional,22,5,0.391101,0.414238,537.046661,0.238095,5,0.006286
67,libertad,,67,libertad,6,6,0.278024,0.285729,0,0,0,0.000084
68,patria,,68,patria,4,4,0.383028,0.403194,0.140621,0,0,0.002107
69,general,,69,general,64,5,0.405668,0.429707,94.907029,0.5,14,0.022391
70,inteligencia,,70,inteligencia,12,5,0.323643,0.337691,500.132132,0.166667,1,0.000872
71,policia,,71,policia,196,4,0.457117,0.485862,3575.218232,0.19,57,0.063038
72,cooperacion,,72,cooperacion,4,4,0.383321,0.403526,0,1,1,0.002444
73,salud,,73,salud,86,4,0.429674,0.454424,1127.090556,0.287879,19,0.018866
74,sistema,,74,sistema,44,5,0.331568,0.346374,2.704943,0.4,6,0.002066
75,calidad,,75,calidad,34,5,0.334223,0.349933,0.817212,0.4,6,0.005288
76,ministerio,,76,ministerio,48,4,0.432642,0.45642,56.167024,0.363636,20,0.024546
77,ministro,,77,ministro,36,4,0.437937,0.458916,503.010404,0.428571,12,0.015736
78,objetivos,,78,objetivos,22,4,0.385978,0.408184,50.894091,0.5,5,0.007205
79,desarrollo,,79,desarrollo,80,4,0.450135,0.473553,1017.907937,0.238095,25,0.041485
80,naciones,,80,naciones,28,4,0.423858,0.443779,1.637087,0.833333,5,0.019348
81,operacion,,81,operacion,6,5,0.31391,0.323719,0,0,0,0.00078
82,historia,,82,historia,4,5,0.388071,0.407418,0,1,1,0.002512
83,victimas,,83,victimas,216,5,0.410319,0.440519,1270.010477,0.330882,45,0.106737
84,turismo,,84,turismo,52,4,0.432642,0.451597,0,1,6,0.052087
85,alcaldes,,85,alcaldes,26,5,0.4008,0.424385,241.62104,0.47619,10,0.006183
86,proyecto,,86,proyecto,6,5,0.385088,0.404258,0,1,1,0.002554
87,futbol,,87,futbol,18,4,0.4235,0.442615,0,1,3,0.008929
88,semana,,88,semana,22,4,0.425658,0.445442,500,0.5,3,0.013844
89,cualquier,,89,cualquier,0,0,0,0,0,0,0,0
90,ciudadana,,90,ciudadana,2,5,0.314698,0.325449,0,0,0,0.000186
91,futuro,,91,futuro,10,5,0.384202,0.402595,0,0,0,0.011258
92,discapacidad,,92,discapacidad,6,4,0.384202,0.404192,244.45817,0,0,0.004151
93,teleton,,93,teleton,2,4,0.382151,0.40153,0,0,0,0.002064
94,urna,,94,urna,0,0,0,0,0,0,0,0
95,cristal,,95,cristal,0,0,0,0,0,0,0,0
96,padilla,,96,padilla,0,0,0,0,0,0,0,0
97,transporte,,97,transporte,4,5,0.384202,0.402595,0,0,0,0.004503
98,sociedad,,98,sociedad,6,5,0.354314,0.37332,0,1,3,0.002203
99,evitar,,99,evitar,0,0,0,0,0,0,0,0
100,muchisimos,,100,muchisimos,0,0,0,0,0,0,0,0
101,ciudades,,101,ciudades,20,4,0.390491,0.413007,267.647289,0.2,2,0.00469
102,bogota,,102,bogota,58,4,0.441799,0.464571,624.672709,0.318182,21,0.016326
103,arquitectura,,103,arquitectura,0,0,0,0,0,0,0,0
104,indigenas,,104,indigenas,18,5,0.345517,0.362675,500,0.333333,1,0.00342
105,pueblos,,105,pueblos,6,6,0.256923,0.264205,0,0,0,0.000092
106,embera,,106,embera,0,0,0,0,0,0,0,0
107,temas,,107,temas,12,4,0.382735,0.403526,0.038462,0.666667,2,0.006413
108,unidos,,108,unidos,34,4,0.39984,0.420825,0,1,1,0.03371
109,carlos,,109,carlos,4,1,1,1,0,0,0,0.000046
110,haime,,110,haime,0,0,0,0,0,0,0,0
111,institucion,,111,institucion,4,5,0.31391,0.323054,0,0,0,0.000331
112,dije,,112,dije,0,0,0,0,0,0,0,0
113,plan,,113,plan,60,4,0.416113,0.442282,1007.389071,0.363636,24,0.02294
114,maestros,,114,maestros,14,5,0.316288,0.328277,0.083333,0.666667,2,0.001811
115,montes,,115,montes,0,0,0,0,0,0,0,0
116,maria,,116,maria,4,2,0.75,0.833333,2,0,0,0.000046
117,cooperativas,,117,cooperativas,2,5,0.303452,0.312774,0,0,0,0.000241
118,cooperativo,,118,cooperativo,0,0,0,0,0,0,0,0
119,tema,,119,tema,46,4,0.446524,0.465902,3.387659,0.607143,17,0.030228
120,gente,,120,gente,46,4,0.44573,0.466068,0.874003,0.777778,28,0.027808
121,rosario,,121,rosario,0,0,0,0,0,0,0,0
122,doctor,,122,doctor,30,4,0.433766,0.455256,0.938094,0.607143,17,0.021459
123,universidad,,123,universidad,30,5,0.399522,0.422389,8.133378,0.6,9,0.013792
124,competitividad,,124,competitividad,28,4,0.425297,0.44511,0.025586,0.833333,5,0.027025
125,desempleo,,125,desempleo,4,5,0.303636,0.312774,0,0,0,0.000327
126,chile,,126,chile,12,4,0.386276,0.406687,0,1,1,0.007916
127,boyaca,,127,boyaca,16,4,0.435652,0.454258,0,1,6,0.015255
128,hidrocarburos,,128,hidrocarburos,0,0,0,0,0,0,0,0
129,armadas,,129,armadas,50,5,0.35633,0.375981,0.554275,0.5,3,0.007541
130,madrid,,130,madrid,2,1,1,1,0,0,0,0.000023
131,real,,131,real,2,1,1,1,0,0,0,0.000023
132,fundacion,,132,fundacion,6,4,0.421362,0.44012,0,1,1,0.006379
133,verdad,,133,verdad,24,5,0.348886,0.367498,0.356149,0.833333,5,0.00796
134,prensa,,134,prensa,8,5,0.384793,0.403925,500,0,0,0.002321
135,fuerza,,135,fuerza,112,4,0.397935,0.422156,74.668208,0.444444,16,0.013176
136,aerea,,136,aerea,56,5,0.31569,0.326713,0,1,1,0.003844
137,fac,,137,fac,0,0,0,0,0,0,0,0
138,cajas,,138,cajas,4,5,0.385385,0.404591,0,1,1,0.002318
139,prosperidad,,139,prosperidad,2,5,0.384202,0.402595,0,0,0,0.002252
140,padre,,140,padre,6,4,0.382443,0.402528,0,1,1,0.002118
141,tragedia,,141,tragedia,0,0,0,0,0,0,0,0
142,omaira,,142,omaira,0,0,0,0,0,0,0,0
143,democratica,,143,democratica,0,0,0,0,0,0,0,0
144,camaras,,144,camaras,12,5,0.385681,0.405589,0.609973,0.333333,1,0.004869
145,primer,,145,primer,22,4,0.383321,0.404857,0.573504,0.5,3,0.008659
146,jamaica,,146,jamaica,2,4,0.382151,0.40153,0,0,0,0.002064
147,haiti,,147,haiti,0,0,0,0,0,0,0,0
148,solamente,,148,solamente,0,0,0,0,0,0,0,0
149,invierno,,149,invierno,0,0,0,0,0,0,0,0
150,damnificados,,150,damnificados,0,0,0,0,0,0,0,0
151,banquete,,151,banquete,0,0,0,0,0,0,0,0
152,dios,,152,dios,4,2,0.75,0.833333,2,0,0,0.000046
153,millones,,153,millones,96,4,0.453804,0.476713,36.82388,0.447619,47,0.050954
154,buen,,154,buen,8,4,0.390187,0.410512,0,1,1,0.003607
155,servicio,,155,servicio,4,5,0.387771,0.407252,0,1,1,0.002766
156,tiempo,,156,tiempo,10,5,0.388372,0.408583,500,0.333333,1,0.007292
157,internacional,,157,internacional,18,4,0.386873,0.407851,0,1,3,0.010706
158,momento,,158,momento,16,4,0.431897,0.450266,0,1,3,0.014598
159,gracias,,159,gracias,68,4,0.440246,0.460745,506.417284,0.464286,13,0.050793
160,comites,,160,comites,0,0,0,0,0,0,0,0
161,reconstruccion,,161,reconstruccion,0,0,0,0,0,0,0,0
162,locales,,162,locales,0,0,0,0,0,0,0,0
163,libro,,163,libro,0,0,0,0,0,0,0,0
164,ejercito,,164,ejercito,36,4,0.406656,0.430971,31.823339,0.428571,9,0.006767
165,naranjo,,165,naranjo,8,5,0.314304,0.324385,0,1,1,0.000476
166,armada,,166,armada,44,4,0.427474,0.44827,233.051074,0.466667,7,0.015152
167,escuela,,167,escuela,22,5,0.314896,0.326381,0,1,3,0.00117
168,subteniente,,168,subteniente,0,0,0,0,0,0,0,0
169,ministros,,169,ministros,0,0,0,0,0,0,0,0
170,estudiantes,,170,estudiantes,22,5,0.387471,0.407585,1.117311,0.666667,2,0.011608
171,empresa,,171,empresa,6,4,0.421362,0.44012,0,1,1,0.006567
172,correa,,172,correa,18,4,0.386873,0.408017,4.632365,0.666667,2,0.006112
173,apreciamos,,173,apreciamos,0,0,0,0,0,0,0,0
174,concierto,,174,concierto,0,0,0,0,0,0,0,0
175,musica,,175,musica,0,0,0,0,0,0,0,0
176,venezuela,,176,venezuela,20,4,0.430043,0.449933,1.585751,0.8,8,0.012761
177,congreso,,177,congreso,22,5,0.399522,0.422389,1.233893,0.666667,10,0.014405
178,corte,,178,corte,38,4,0.435652,0.456254,361.075196,0.428571,9,0.015869
179,vacaciones,,179,vacaciones,0,0,0,0,0,0,0,0
180,social,,180,social,12,5,0.386873,0.407585,0,1,6,0.00305
181,siempre,,181,siempre,8,5,0.388372,0.408417,0.216355,0.666667,2,0.002813
182,soldados,,182,soldados,24,5,0.4008,0.424218,13.155227,0.428571,9,0.009695
183,fe,,183,fe,2,5,0.384202,0.402595,0,0,0,0.002252
184,pueblo,,184,pueblo,6,5,0.320948,0.335429,500,0.333333,1,0.000634
185,gramalote,,185,gramalote,2,6,0.243086,0.249634,0,0,0,0.000024
186,recursos,,186,recursos,36,4,0.393868,0.416833,6.571634,0.47619,10,0.012372
187,dice,,187,dice,0,0,0,0,0,0,0,0
188,farc,,188,farc,62,5,0.409984,0.435363,22.702493,0.555556,25,0.029507
189,navidad,,189,navidad,2,5,0.323434,0.332302,0,0,0,0.0005
190,esfuerzo,,190,esfuerzo,2,5,0.303269,0.31161,0,0,0,0.000084
191,gobernador,,191,gobernador,0,0,0,0,0,0,0,0
192,everardo,,192,everardo,0,0,0,0,0,0,0,0
193,campeonato,,193,campeonato,2,5,0.384202,0.402595,0,0,0,0.002252
194,doctora,,194,doctora,0,0,0,0,0,0,0,0
195,viviane,,195,viviane,0,0,0,0,0,0,0,0
196,tener,,196,tener,60,4,0.44141,0.463906,46.895383,0.454545,25,0.043642
197,derecho,,197,derecho,2,4,0.382151,0.40153,0,0,0,0.002064
198,nuevo,,198,nuevo,14,5,0.345279,0.361677,0,1,1,0.002721
199,codigo,,199,codigo,4,5,0.31569,0.325715,0,1,1,0.00019
200,judios,,200,judios,0,0,0,0,0,0,0,0
201,ana,,201,ana,0,0,0,0,0,0,0,0
202,metas,,202,metas,2,5,0.384202,0.402595,0,0,0,0.002252
203,materia,,203,materia,8,4,0.382151,0.40153,0,0,0,0.008255
204,america,,204,america,38,4,0.428938,0.450266,2.493839,0.714286,15,0.016661
205,latina,,205,latina,18,4,0.383614,0.404524,0,1,3,0.004862
206,privado,,206,privado,6,5,0.303452,0.312774,0,0,0,0.000722
207,minas,,207,minas,6,5,0.395422,0.415403,0,1,1,0.005464
208,trabajadores,,208,trabajadores,8,5,0.318905,0.330539,0.006682,0.666667,2,0.000717
209,alcaldesa,,209,alcaldesa,2,5,0.308498,0.316234,0,0,0,0.000082
210,parte,,210,parte,8,4,0.422072,0.44145,0,1,3,0.004468
211,energia,,211,energia,48,4,0.434896,0.458417,1498.118872,0.290909,16,0.028362
212,francia,,212,francia,30,4,0.386574,0.407685,0.112457,0.666667,2,0.024467
213,jugar,,213,jugar,0,0,0,0,0,0,0,0
214,adolfo,,214,adolfo,0,0,0,0,0,0,0,0
215,tecnologia,,215,tecnologia,48,4,0.431153,0.452927,115.655922,0.392857,11,0.032498
216,alvaro,,216,alvaro,0,0,0,0,0,0,0,0
217,vida,,217,vida,12,4,0.427839,0.448104,500,0.6,6,0.00503
218,quiero,,218,quiero,4,4,0.382151,0.40153,0,0,0,0.004127
219,programa,,219,programa,110,4,0.448925,0.472888,422.982528,0.47619,50,0.04238
220,accion,,220,accion,14,5,0.31118,0.320692,0,1,1,0.000652
221,familias,,221,familias,56,5,0.40048,0.426048,92.754661,0.466667,21,0.01738
222,correo,,222,correo,0,0,0,0,0,0,0,0
223,pruebas,,223,pruebas,0,0,0,0,0,0,0,0
224,periodico,,224,periodico,2,6,0.279888,0.287891,0,0,0,0.000038
225,humanidad,,225,humanidad,0,0,0,0,0,0,0,0
226,reconocimiento,,226,reconocimiento,0,0,0,0,0,0,0,0
227,empresas,,227,empresas,2,4,0.382151,0.40153,0,0,0,0.002064
228,ninos,,228,ninos,184,4,0.454628,0.484697,3141.121525,0.156923,51,0.065898
229,primera,,229,primera,18,5,0.313713,0.325948,50.393072,0.333333,2,0.000658
230,infancia,,230,infancia,14,5,0.313321,0.323952,0,1,1,0.000754
231,rio,,231,rio,6,5,0.386276,0.406254,500,0.333333,1,0.002334
232,huila,,232,huila,2,5,0.384202,0.402595,0,0,0,0.002252
233,inversion,,233,inversion,56,4,0.423858,0.444444,0,1,10,0.044743
234,cine,,234,cine,20,4,0.422428,0.442448,4.980598,0.5,3,0.01065
235,cartagena,,235,cartagena,22,4,0.434519,0.453925,500,0.6,6,0.019147
236,festival,,236,festival,12,4,0.383028,0.403859,500,0.333333,1,0.002269
237,pesadilla,,237,pesadilla,0,0,0,0,0,0,0,0
238,queremos,,238,queremos,4,4,0.39984,0.420825,0,1,1,0.00367
239,pinalito,,239,pinalito,0,0,0,0,0,0,0,0
240,consolidacion,,240,consolidacion,2,5,0.294014,0.303327,0,0,0,0.000073
241,macarena,,241,macarena,0,0,0,0,0,0,0,0
242,medicamento,,242,medicamento,0,0,0,0,0,0,0,0
243,trabajo,,243,trabajo,82,5,0.404685,0.430705,144.595205,0.363636,20,0.043286
244,violencia,,244,violencia,8,5,0.397619,0.418896,0,1,6,0.004262
245,papa,,245,papa,2,5,0.344567,0.360013,0,0,0,0.001606
246,juan,,246,juan,14,5,0.320537,0.334098,0,1,1,0.002928
247,exterior,,247,exterior,0,0,0,0,0,0,0,0
248,labor,,248,labor,0,0,0,0,0,0,0,0
249,mujer,,249,mujer,6,6,0.278024,0.285729,0,0,0,0.000084
250,mujeres,,250,mujeres,8,5,0.384793,0.403925,500,0,0,0.002321
251,convenciones,,251,convenciones,0,0,0,0,0,0,0,0
252,superior,,252,superior,8,5,0.316288,0.327611,0,1,1,0.001335
253,uribe,,253,uribe,0,0,0,0,0,0,0,0
254,red,,254,red,0,0,0,0,0,0,0,0
255,espana,,255,espana,48,4,0.426746,0.446274,1.285515,0.666667,4,0.038748
256,reina,,256,reina,0,0,0,0,0,0,0,0
257,samuel,,257,samuel,0,0,0,0,0,0,0,0
258,partido,,258,partido,16,4,0.431897,0.450266,0,1,3,0.015971
259,liberal,,259,liberal,0,0,0,0,0,0,0,0
260,climatico,,260,climatico,14,4,0.382443,0.402528,0,1,1,0.004293
261,cambio,,261,cambio,18,4,0.386276,0.407851,0.930781,0.5,3,0.004587
262,ambiental,,262,ambiental,0,0,0,0,0,0,0,0
263,garcia,,263,garcia,0,0,0,0,0,0,0,0
264,tres,,264,tres,4,4,0.382151,0.40153,0,0,0,0.004127
265,pelicula,,265,pelicula,8,4,0.384202,0.405023,0.101147,0.666667,2,0.00427
266,proceso,,266,proceso,216,4,0.463889,0.491517,1424.16856,0.243077,79,0.113613
267,obras,,267,obras,86,4,0.424936,0.448104,2.160191,0.583333,21,0.04703
268,problemas,,268,problemas,0,0,0,0,0,0,0,0
269,nivel,,269,nivel,0,0,0,0,0,0,0,0
270,politica,,270,politica,22,4,0.426746,0.447106,0.40323,0.7,7,0.014093
271,fallo,,271,fallo,0,0,0,0,0,0,0,0
272,crimen,,272,crimen,4,1,1,1,1,0,0,0.000045
273,campana,,273,campana,2,5,0.303269,0.31161,0,0,0,0.000084
274,flores,,274,flores,2,5,0.303452,0.312774,0,0,0,0.000241
275,decir,,275,decir,4,5,0.384793,0.403925,500,0,0,0.002274
276,universidades,,276,universidades,0,0,0,0,0,0,0,0
277,the,,277,the,16,1,1,1,0,1,1,0.000193
278,and,,278,and,16,1,1,1,0,1,1,0.000193
279,of,,279,of,16,1,1,1,0,1,1,0.000193
280,haitianos,,280,haitianos,0,0,0,0,0,0,0,0
281,majestades,,281,majestades,4,4,0.382443,0.402528,0,1,1,0.002168
282,crecimiento,,282,crecimiento,90,4,0.439089,0.459914,0.540032,0.75,21,0.058375
283,politicas,,283,politicas,0,0,0,0,0,0,0,0
284,tratado,,284,tratado,0,0,0,0,0,0,0,0
285,representante,,285,representante,0,0,0,0,0,0,0,0
286,delegacion,,286,delegacion,0,0,0,0,0,0,0,0
287,humanitaria,,287,humanitaria,4,4,0.382151,0.40153,0,0,0,0.004127
288,vallenato,,288,vallenato,2,5,0.277102,0.285396,0,0,0,0.000028
289,leandro,,289,leandro,0,0,0,0,0,0,0,0
290,sub20,,290,sub20,0,0,0,0,0,0,0,0
291,significa,,291,significa,0,0,0,0,0,0,0,0
292,mundial,,292,mundial,2,4,0.382151,0.40153,0,0,0,0.002064
293,manana,,293,manana,4,4,0.421362,0.44012,0,1,1,0.004315
294,desmovilizacion,,294,desmovilizacion,0,0,0,0,0,0,0,0
295,lectura,,295,lectura,8,5,0.385681,0.406254,69.859246,0.5,3,0.002383
296,innovacion,,296,innovacion,24,4,0.429674,0.450931,0.130091,0.666667,14,0.014647
297,cifra,,297,cifra,0,0,0,0,0,0,0,0
298,alias,,298,alias,6,5,0.30382,0.313207,4.047074,0.333333,1,0.000101
299,aeropuerto,,299,aeropuerto,26,4,0.422072,0.442116,0,1,6,0.022625
300,buenaventura,,300,buenaventura,24,4,0.430412,0.451597,1.699009,0.571429,12,0.011611
301,comunal,,301,comunal,0,0,0,0,0,0,0,0
302,himno,,302,himno,0,0,0,0,0,0,0,0
303,seleccion,,303,seleccion,16,4,0.428938,0.44827,0,1,6,0.013833
304,agua,,304,agua,54,4,0.445333,0.470559,1514.877666,0.241667,29,0.020746
305,sucre,,305,sucre,0,0,0,0,0,0,0,0
306,embajador,,306,embajador,0,0,0,0,0,0,0,0
307,urrea,,307,urrea,0,0,0,0,0,0,0,0
308,puente,,308,puente,0,0,0,0,0,0,0,0
309,atencion,,309,atencion,2,5,0.312734,0.322289,0,0,0,0.00017
310,dialogo,,310,dialogo,8,5,0.396047,0.416733,0,1,3,0.004229
311,acuerdo,,311,acuerdo,142,4,0.446524,0.471391,95.707621,0.408333,49,0.076338
312,madres,,312,madres,4,4,0.382735,0.402861,500,0,0,0.002086
313,comunitarias,,313,comunitarias,2,5,0.276949,0.285063,0,0,0,0.000027
314,militares,,314,militares,8,5,0.388071,0.407418,0,1,1,0.003032
315,potable,,315,potable,0,0,0,0,0,0,0,0
316,yopal,,316,yopal,0,0,0,0,0,0,0,0
317,oficiales,,317,oficiales,14,5,0.315094,0.327379,0.104057,0.666667,4,0.000522
318,santa,,318,santa,22,4,0.406986,0.430639,110.560873,0.4,6,0.005679
319,marta,,319,marta,12,5,0.320537,0.331537,0,1,1,0.000364
320,magdalena,,320,magdalena,2,6,0.278798,0.286727,0,0,0,0.000028
321,constructivo,,321,constructivo,0,0,0,0,0,0,0,0
322,consejo,,322,consejo,26,5,0.402733,0.42505,0,1,10,0.012044
323,gaviria,,323,gaviria,0,0,0,0,0,0,0,0
324,nino,,324,nino,2,5,0.308308,0.316866,0,0,0,0.000069
325,palma,,325,palma,2,5,0.303452,0.312774,0,0,0,0.000241
326,produccion,,326,produccion,0,0,0,0,0,0,0,0
327,vemos,,327,vemos,0,0,0,0,0,0,0,0
328,diario,,328,diario,0,0,0,0,0,0,0,0
329,reparacion,,329,reparacion,24,5,0.324903,0.336893,0.01083,0.666667,2,0.002846
330,intervencion,,330,intervencion,0,0,0,0,0,0,0,0
331,cali,,331,cali,16,5,0.324482,0.337791,501.908327,0.166667,1,0.000954
332,especial,,332,especial,2,5,0.344567,0.360013,0,0,0,0.001606
333,secretario,,333,secretario,0,0,0,0,0,0,0,0
334,biotecnologia,,334,biotecnologia,0,0,0,0,0,0,0,0
335,optimismo,,335,optimismo,2,5,0.384202,0.402595,0,0,0,0.002252
336,proyectos,,336,proyectos,44,4,0.431153,0.454757,552.777188,0.254545,14,0.017395
337,siga,,337,siga,0,0,0,0,0,0,0,0
338,cosas,,338,cosas,0,0,0,0,0,0,0,0
339,legislatura,,339,legislatura,0,0,0,0,0,0,0,0
340,television,,340,television,0,0,0,0,0,0,0,0
341,problema,,341,problema,4,4,0.382443,0.402528,0,1,1,0.002099
342,excelencia,,342,excelencia,0,0,0,0,0,0,0,0
343,servicios,,343,servicios,0,0,0,0,0,0,0,0
344,luis,,344,luis,4,1,1,1,0,0,0,0.000046
345,victorino,,345,victorino,0,0,0,0,0,0,0,0
346,fiscal,,346,fiscal,10,5,0.385978,0.405921,0,1,3,0.006855
347,cumbre,,347,cumbre,22,4,0.405997,0.430306,0.769221,0.571429,12,0.011375
348,emision,,348,emision,0,0,0,0,0,0,0,0
349,interes,,349,interes,0,0,0,0,0,0,0,0
350,salado,,350,salado,0,0,0,0,0,0,0,0
351,procter,,351,procter,0,0,0,0,0,0,0,0
352,amor,,352,amor,0,0,0,0,0,0,0,0
353,ciudadanos,,353,ciudadanos,0,0,0,0,0,0,0,0
354,pesos,,354,pesos,20,5,0.385978,0.407252,500.166566,0.3,3,0.005363
355,regalias,,355,regalias,8,5,0.384497,0.403593,0,1,1,0.004604
356,poblacion,,356,poblacion,2,5,0.384202,0.402595,0,0,0,0.002252
357,saludo,,357,saludo,0,0,0,0,0,0,0,0
358,afro,,358,afro,0,0,0,0,0,0,0,0
359,jovenes,,359,jovenes,46,4,0.439089,0.460579,2.127451,0.611111,22,0.029365
360,noviembre,,360,noviembre,0,0,0,0,0,0,0,0
361,cuervo,,361,cuervo,0,0,0,0,0,0,0,0
362,rufino,,362,rufino,0,0,0,0,0,0,0,0
363,discusion,,363,discusion,0,0,0,0,0,0,0,0
364,papel,,364,papel,0,0,0,0,0,0,0,0
365,barranquilla,,365,barranquilla,52,4,0.44573,0.467898,1032.52487,0.363636,24,0.027441
366,manati,,366,manati,0,0,0,0,0,0,0,0
367,comunidad,,367,comunidad,0,0,0,0,0,0,0,0
368,calderon,,368,calderon,4,5,0.320537,0.334098,0,1,1,0.000629
369,mexico,,369,mexico,24,4,0.387172,0.409015,13.566883,0.666667,4,0.014753
370,ciudad,,370,ciudad,6,4,0.383614,0.403693,0,1,1,0.002184
371,venir,,371,venir,0,0,0,0,0,0,0,0
372,condiciones,,372,condiciones,0,0,0,0,0,0,0,0
373,frente,,373,frente,0,0,0,0,0,0,0,0
374,hijos,,374,hijos,0,0,0,0,0,0,0,0
375,oportunidades,,375,oportunidades,0,0,0,0,0,0,0,0
376,defensa,,376,defensa,2,4,0.382151,0.40153,0,0,0,0.002064
377,revision,,377,revision,0,0,0,0,0,0,0,0
378,lograr,,378,lograr,0,0,0,0,0,0,0,0
379,obra,,379,obra,56,4,0.424217,0.446108,0.748972,0.666667,14,0.030651
380,relaciones,,380,relaciones,14,4,0.386276,0.406687,0,1,1,0.00998
381,guardia,,381,guardia,2,1,1,1,0,0,0,0.000023
382,batallon,,382,batallon,2,1,1,1,0,0,0,0.000023
383,20,,383,20,0,0,0,0,0,0,0,0
384,tramites,,384,tramites,2,5,0.296977,0.304458,0,0,0,0.000041
385,ingenieros,,385,ingenieros,6,5,0.384202,0.402595,0,0,0,0.006755
386,ingenieria,,386,ingenieria,0,0,0,0,0,0,0,0
387,lideres,,387,lideres,0,0,0,0,0,0,0,0
388,ecopetrol,,388,ecopetrol,0,0,0,0,0,0,0,0
389,barriles,,389,barriles,0,0,0,0,0,0,0,0
390,fanny,,390,fanny,0,0,0,0,0,0,0,0
391,teatro,,391,teatro,0,0,0,0,0,0,0,0
392,riqueza,,392,riqueza,2,5,0.384202,0.402595,0,0,0,0.002252
393,compartir,,393,compartir,2,5,0.384202,0.402595,0,0,0,0.002252
394,candidatos,,394,candidatos,4,5,0.301626,0.309714,0,0,0,0.00012
395,electoral,,395,electoral,18,5,0.312929,0.322555,0.421583,0.666667,2,0.000549
396,bosques,,396,bosques,2,5,0.278024,0.286727,0,0,0,0.000047
397,ilegal,,397,ilegal,4,5,0.298392,0.307119,0,1,1,0.000075
398,madera,,398,madera,0,0,0,0,0,0,0,0
399,riesgo,,399,riesgo,4,6,0.280045,0.289321,2.001965,0,0,0.000051
400,construccion,,400,construccion,6,5,0.384793,0.403925,0,1,1,0.004558
401,acoplasticos,,401,acoplasticos,0,0,0,0,0,0,0,0
402,japon,,402,japon,12,4,0.421717,0.441118,0.108104,0.666667,2,0.010548
403,corea,,403,corea,22,4,0.426746,0.446274,0.213642,0.833333,5,0.015868
404,memorandos,,404,memorandos,0,0,0,0,0,0,0,0
405,entendimiento,,405,entendimiento,0,0,0,0,0,0,0,0
406,visita,,406,visita,18,4,0.387172,0.409681,0.13394,0.6,6,0.009067
407,extrema,,407,extrema,10,5,0.313713,0.323187,0,0,0,0.001032
408,planadas,,408,planadas,0,0,0,0,0,0,0,0
409,decirles,,409,decirles,0,0,0,0,0,0,0,0
410,haciendo,,410,haciendo,30,4,0.436792,0.457917,0.255667,0.678571,19,0.01978
411,mediacion,,411,mediacion,0,0,0,0,0,0,0,0
412,alcalde,,412,alcalde,26,4,0.431153,0.45143,0.249138,0.933333,14,0.005698
413,paso,,413,paso,2,4,0.382151,0.40153,0,0,0,0.002064
414,economia,,414,economia,92,4,0.427839,0.4501,1.291076,0.678571,19,0.057626
415,equipo,,415,equipo,6,4,0.405668,0.427146,0,1,3,0.004184
416,brigada,,416,brigada,0,0,0,0,0,0,0,0
417,presencia,,417,presencia,0,0,0,0,0,0,0,0
418,rural,,418,rural,2,5,0.310601,0.318563,0,0,0,0.000113
419,colsubsidio,,419,colsubsidio,0,0,0,0,0,0,0,0
420,operador,,420,operador,0,0,0,0,0,0,0,0
421,economico,,421,economico,0,0,0,0,0,0,0,0
422,confianza,,422,confianza,0,0,0,0,0,0,0,0
423,narcotrafico,,423,narcotrafico,8,4,0.382151,0.40153,0,0,0,0.008255
424,arbol,,424,arbol,0,0,0,0,0,0,0,0
425,centro,,425,centro,2,5,0.344567,0.360013,0,0,0,0.001606
426,territorial,,426,territorial,0,0,0,0,0,0,0,0
427,ordenamiento,,427,ordenamiento,0,0,0,0,0,0,0,0
428,lengua,,428,lengua,0,0,0,0,0,0,0,0
429,academia,,429,academia,0,0,0,0,0,0,0,0
430,pacifico,,430,pacifico,42,4,0.428571,0.450599,12.60456,0.428571,12,0.008394
431,locomotora,,431,locomotora,0,0,0,0,0,0,0,0
432,regional,,432,regional,0,0,0,0,0,0,0,0
433,sena,,433,sena,40,4,0.433391,0.452927,0.346264,0.8,8,0.027223
434,jueces,,434,jueces,2,5,0.311567,0.321291,0,0,0,0.000215
435,bolivia,,435,bolivia,2,4,0.382151,0.40153,0,0,0,0.002064
436,puede,,436,puede,0,0,0,0,0,0,0,0
437,patrimonio,,437,patrimonio,0,0,0,0,0,0,0,0
438,periodismo,,438,periodismo,2,5,0.344567,0.360013,0,0,0,0.001606
439,empleos,,439,empleos,4,5,0.384793,0.403925,0,1,1,0.002415
440,tlc,,440,tlc,0,0,0,0,0,0,0,0
441,viviendas,,441,viviendas,20,5,0.338057,0.351863,0.064728,0.666667,4,0.001554
442,medellin,,442,medellin,36,4,0.431897,0.454092,23.233175,0.5,18,0.010301
443,instituto,,443,instituto,0,0,0,0,0,0,0,0
444,femsa,,444,femsa,0,0,0,0,0,0,0,0
445,concurso,,445,concurso,0,0,0,0,0,0,0,0
446,agencia,,446,agencia,2,6,0.244629,0.250865,0,0,0,0.000025
447,entidades,,447,entidades,2,5,0.307362,0.315536,0,0,0,0.000071
448,anuncio,,448,anuncio,0,0,0,0,0,0,0,0
449,valle,,449,valle,0,0,0,0,0,0,0,0
450,carvajal,,450,carvajal,0,0,0,0,0,0,0,0
451,nueva,,451,nueva,2,4,0.382151,0.40153,0,0,0,0.002064
452,relacion,,452,relacion,0,0,0,0,0,0,0,0
453,cayo,,453,cayo,0,0,0,0,0,0,0,0
454,rita,,454,rita,0,0,0,0,0,0,0,0
455,campo,,455,campo,66,4,0.436792,0.457252,505.794668,0.428571,9,0.058772
456,europea,,456,europea,14,4,0.382443,0.402528,0,1,1,0.00835
457,turquia,,457,turquia,2,5,0.320332,0.3331,0,0,0,0.000575
458,union,,458,union,10,4,0.382443,0.402528,0,1,1,0.004249
459,billones,,459,billones,2,6,0.278643,0.286893,0,0,0,0.000035
460,gul,,460,gul,0,0,0,0,0,0,0,0
461,luego,,461,luego,0,0,0,0,0,0,0,0
462,londres,,462,londres,0,0,0,0,0,0,0,0
463,minuto,,463,minuto,0,0,0,0,0,0,0,0
464,chavez,,464,chavez,0,0,0,0,0,0,0,0
465,fernandez,,465,fernandez,0,0,0,0,0,0,0,0
466,dominicana,,466,dominicana,0,0,0,0,0,0,0,0
467,siglo,,467,siglo,0,0,0,0,0,0,0,0
468,poder,,468,poder,10,4,0.434142,0.452927,0,1,6,0.006352
469,afrocolombiana,,469,afrocolombiana,0,0,0,0,0,0,0,0
470,fiscalia,,470,fiscalia,12,5,0.386873,0.40825,8.962358,0.5,5,0.002495
471,zona,,471,zona,0,0,0,0,0,0,0,0
472,altillanura,,472,altillanura,0,0,0,0,0,0,0,0
473,tunel,,473,tunel,2,5,0.384202,0.402595,0,0,0,0.002252
474,gestion,,474,gestion,0,0,0,0,0,0,0,0
475,publica,,475,publica,26,5,0.388071,0.408084,0,1,3,0.003162
476,miembros,,476,miembros,4,5,0.314107,0.324717,0,1,1,0.000299
477,generales,,477,generales,2,5,0.31391,0.323054,0,0,0,0.000166
478,desmovilizados,,478,desmovilizados,0,0,0,0,0,0,0,0
479,veces,,479,veces,0,0,0,0,0,0,0,0
480,santos,,480,santos,26,4,0.386276,0.406687,0,1,1,0.013429
481,ninas,,481,ninas,8,5,0.312734,0.322289,0,0,0,0.000679
482,republica,,482,republica,4,5,0.320332,0.3331,0,0,0,0.00115
483,miles,,483,miles,0,0,0,0,0,0,0,0
484,decreto,,484,decreto,0,0,0,0,0,0,0,0
485,julio,,485,julio,0,0,0,0,0,0,0,0
486,combate,,486,combate,0,0,0,0,0,0,0,0
487,investigacion,,487,investigacion,0,0,0,0,0,0,0,0
488,casas,,488,casas,42,5,0.39984,0.424052,512.550885,0.535714,15,0.027155
489,sitios,,489,sitios,0,0,0,0,0,0,0,0
490,mineria,,490,mineria,20,4,0.423858,0.444444,1440.669838,0.2,2,0.013414
491,dc,,491,dc,10,4,0.383614,0.403693,0,1,1,0.004307
492,departamento,,492,departamento,10,5,0.38958,0.410413,3.168694,0.333333,2,0.002695
493,cordoba,,493,cordoba,0,0,0,0,0,0,0,0
494,caqueta,,494,caqueta,4,4,0.383028,0.403194,0.38057,0,0,0.002092
495,humanos,,495,humanos,18,5,0.345994,0.362675,0,1,1,0.002438
496,canada,,496,canada,0,0,0,0,0,0,0,0
497,juegos,,497,juegos,42,4,0.386873,0.410512,143.586583,0.380952,8,0.009464
498,coldeportes,,498,coldeportes,4,5,0.308688,0.317731,0,1,1,0.000142
499,verde,,499,verde,0,0,0,0,0,0,0,0
500,planeacion,,500,planeacion,4,5,0.384202,0.402595,0,0,0,0.004503
501,publicos,,501,publicos,6,6,0.278333,0.286228,0,0,0,0.000084
502,servidores,,502,servidores,10,5,0.385385,0.405256,500.425947,0,0,0.002348
503,reforestacion,,503,reforestacion,0,0,0,0,0,0,0,0
504,hectareas,,504,hectareas,4,4,0.383321,0.403526,0,1,1,0.002444
505,revolucion,,505,revolucion,6,5,0.384497,0.403593,0,1,1,0.002611
506,dias,,506,dias,0,0,0,0,0,0,0,0
507,situacion,,507,situacion,8,5,0.31569,0.327611,3.141924,0,0,0.000276
508,tumaco,,508,tumaco,4,4,0.335791,0.347971,0.037597,0,0,0.000576
509,actos,,509,actos,0,0,0,0,0,0,0,0
510,terrorismo,,510,terrorismo,0,0,0,0,0,0,0,0
511,colmotores,,511,colmotores,0,0,0,0,0,0,0,0
512,industria,,512,industria,16,4,0.423858,0.443114,0,1,3,0.015626
513,aurelio,,513,aurelio,2,5,0.320332,0.3331,0,0,0,0.000575
514,familia,,514,familia,0,0,0,0,0,0,0,0
515,uraba,,515,uraba,6,5,0.384202,0.402595,0,0,0,0.006755
516,mercedes,,516,mercedes,0,0,0,0,0,0,0,0
517,voluntarios,,517,voluntarios,0,0,0,0,0,0,0,0
518,computadores,,518,computadores,2,5,0.312734,0.322289,0,0,0,0.00017
519,kahane,,519,kahane,0,0,0,0,0,0,0,0
520,peliculas,,520,peliculas,0,0,0,0,0,0,0,0
521,ejercicio,,521,ejercicio,0,0,0,0,0,0,0,0
522,cogestores,,522,cogestores,0,0,0,0,0,0,0,0
523,suprema,,523,suprema,0,0,0,0,0,0,0,0
524,adolescentes,,524,adolescentes,0,0,0,0,0,0,0,0
525,pasado,,525,pasado,0,0,0,0,0,0,0,0
526,colegiales,,526,colegiales,0,0,0,0,0,0,0,0
527,iniciativa,,527,iniciativa,0,0,0,0,0,0,0,0
528,aprender,,528,aprender,0,0,0,0,0,0,0,0
529,discriminacion,,529,discriminacion,0,0,0,0,0,0,0,0
530,comision,,530,comision,12,5,0.35084,0.369661,2.806873,0.5,5,0.00205
531,cuba,,531,cuba,6,4,0.386276,0.406687,0,1,1,0.004702
532,posible,,532,posible,0,0,0,0,0,0,0,0
533,base,,533,base,2,5,0.303085,0.310379,0,0,0,0.000063
534,personas,,534,personas,8,5,0.310601,0.322289,518.664742,0,0,0.00033
535,choco,,535,choco,14,5,0.399203,0.420725,1.422376,0.666667,4,0.006062
536,quibdo,,536,quibdo,8,5,0.384497,0.403593,0,1,1,0.002359
537,hinestrosa,,537,hinestrosa,0,0,0,0,0,0,0,0
538,fernando,,538,fernando,2,4,0.382151,0.40153,0,0,0,0.002064
539,municipio,,539,municipio,0,0,0,0,0,0,0,0
540,desastres,,540,desastres,4,5,0.385385,0.404424,480.71717,0,0,0.002275
541,gobernadores,,541,gobernadores,18,5,0.40016,0.422389,0.070827,0.9,9,0.009346
542,trabajar,,542,trabajar,2,4,0.382151,0.40153,0,0,0,0.002064
543,avanzando,,543,avanzando,0,0,0,0,0,0,0,0
544,german,,544,german,0,0,0,0,0,0,0,0
545,sitio,,545,sitio,0,0,0,0,0,0,0,0
546,leer,,546,leer,6,6,0.280201,0.289554,0,1,1,0.000105
547,competencias,,547,competencias,4,5,0.31391,0.323719,0,0,0,0.00052
548,mejores,,548,mejores,12,5,0.387471,0.407585,0,1,3,0.007696
549,valores,,549,valores,2,4,0.382151,0.40153,0,0,0,0.002064
550,continua,,550,continua,0,0,0,0,0,0,0,0
551,oportunidad,,551,oportunidad,0,0,0,0,0,0,0,0
552,gas,,552,gas,4,5,0.384202,0.402595,0,0,0,0.004503
553,jobim,,553,jobim,0,0,0,0,0,0,0,0
554,notarios,,554,notarios,4,5,0.395422,0.415403,0,1,1,0.003858
555,hizo,,555,hizo,0,0,0,0,0,0,0,0
556,ayudas,,556,ayudas,0,0,0,0,0,0,0,0
557,ayuda,,557,ayuda,0,0,0,0,0,0,0,0
558,puentes,,558,puentes,0,0,0,0,0,0,0,0
559,feliz,,559,feliz,0,0,0,0,0,0,0,0
560,obama,,560,obama,0,0,0,0,0,0,0,0
561,americas,,561,americas,0,0,0,0,0,0,0,0
562,satena,,562,satena,0,0,0,0,0,0,0,0
563,aerolinea,,563,aerolinea,0,0,0,0,0,0,0,0
564,feria,,564,feria,0,0,0,0,0,0,0,0
565,botero,,565,botero,2,4,0.382151,0.40153,0,0,0,0.002064
566,miriam,,566,miriam,0,0,0,0,0,0,0,0
567,incoder,,567,incoder,0,0,0,0,0,0,0,0
568,boyacenses,,568,boyacenses,0,0,0,0,0,0,0,0
569,pobres,,569,pobres,4,5,0.384202,0.402595,0,0,0,0.004503
570,presidencia,,570,presidencia,2,5,0.304745,0.312375,0,0,0,0.000057
571,santander,,571,santander,2,1,1,1,0,0,0,0.000023
572,partidos,,572,partidos,0,0,0,0,0,0,0,0
573,documento,,573,documento,2,5,0.333555,0.344711,0,0,0,0.000514
574,region,,574,region,14,5,0.396361,0.417731,0.072975,0.666667,4,0.010835
575,impuestos,,575,impuestos,0,0,0,0,0,0,0,0
576,ecuador,,576,ecuador,10,4,0.386276,0.406687,0,1,1,0.00883
577,unasur,,577,unasur,0,0,0,0,0,0,0,0
578,baja,,578,baja,2,3,0.5,0.611111,0,0,0,0.000023
579,singapur,,579,singapur,4,4,0.421362,0.44012,0,1,1,0.004315
580,china,,580,china,14,4,0.421717,0.441118,0.106821,0.666667,2,0.012612
581,chino,,581,chino,0,0,0,0,0,0,0,0
582,propuesta,,582,propuesta,0,0,0,0,0,0,0,0
583,falcao,,583,falcao,0,0,0,0,0,0,0,0
584,productos,,584,productos,6,5,0.385088,0.404923,123.558456,0.333333,1,0.002302
585,informacion,,585,informacion,0,0,0,0,0,0,0,0
586,hechos,,586,hechos,0,0,0,0,0,0,0,0
587,atentado,,587,atentado,0,0,0,0,0,0,0,0
588,cifras,,588,cifras,6,5,0.324482,0.335363,0,1,1,0.000672
589,dijo,,589,dijo,0,0,0,0,0,0,0,0
590,caso,,590,caso,0,0,0,0,0,0,0,0
591,antioquia,,591,antioquia,32,5,0.396989,0.419727,0.429018,0.533333,8,0.018068
592,ofensiva,,592,ofensiva,0,0,0,0,0,0,0,0
593,departamentos,,593,departamentos,0,0,0,0,0,0,0,0
594,interno,,594,interno,0,0,0,0,0,0,0,0
595,jefes,,595,jefes,0,0,0,0,0,0,0,0
596,neiva,,596,neiva,0,0,0,0,0,0,0,0
597,rudas,,597,rudas,0,0,0,0,0,0,0,0
598,palacio,,598,palacio,0,0,0,0,0,0,0,0
599,millon,,599,millon,0,0,0,0,0,0,0,0
600,restitucion,,600,restitucion,0,0,0,0,0,0,0,0
601,buena,,601,buena,4,5,0.315889,0.326281,0,0,0,0.000855
602,atlantico,,602,atlantico,2,5,0.308498,0.316234,0,0,0,0.000082
603,exaltar,,603,exaltar,0,0,0,0,0,0,0,0
604,animo,,604,animo,0,0,0,0,0,0,0,0
605,skills,,605,skills,0,0,0,0,0,0,0,0
606,ayer,,606,ayer,6,4,0.421362,0.44012,0,1,1,0.006379
607,maicao,,607,maicao,0,0,0,0,0,0,0,0
608,olimpicos,,608,olimpicos,0,0,0,0,0,0,0,0
609,legalidad,,609,legalidad,0,0,0,0,0,0,0,0
610,alianza,,610,alianza,74,4,0.392326,0.418663,45.076403,0.422222,19,0.009736
611,cuatro,,611,cuatro,10,4,0.383028,0.403859,0,1,3,0.002776
612,integracion,,612,integracion,6,5,0.305861,0.315702,0,1,1,0.000316
613,via,,613,via,2,4,0.382151,0.40153,0,0,0,0.002064
614,cucuta,,614,cucuta,2,5,0.384202,0.402595,0,0,0,0.002252
615,comandos,,615,comandos,0,0,0,0,0,0,0,0
616,ali,,616,ali,0,0,0,0,0,0,0,0
617,talento,,617,talento,0,0,0,0,0,0,0,0
618,mision,,618,mision,0,0,0,0,0,0,0,0
619,rica,,619,rica,2,6,0.219064,0.224185,0,0,0,0.000023
620,costa,,620,costa,6,5,0.280358,0.29012,500,0,0,0.00008
621,presidenta,,621,presidenta,0,0,0,0,0,0,0,0
622,reunion,,622,reunion,2,4,0.382151,0.40153,0,0,0,0.002064
623,italia,,623,italia,8,4,0.386276,0.406687,0,1,1,0.006766
624,banqueros,,624,banqueros,0,0,0,0,0,0,0,0
625,medicos,,625,medicos,0,0,0,0,0,0,0,0
626,clinica,,626,clinica,0,0,0,0,0,0,0,0
627,sostenible,,627,sostenible,4,5,0.311567,0.320559,0,1,1,0.000151
628,portugal,,628,portugal,32,4,0.386574,0.407685,0,1,3,0.025043
629,hotel,,629,hotel,0,0,0,0,0,0,0,0
630,pessoa,,630,pessoa,0,0,0,0,0,0,0,0
631,deber,,631,deber,0,0,0,0,0,0,0,0
632,franca,,632,franca,0,0,0,0,0,0,0,0
633,federacion,,633,federacion,12,5,0.30036,0.309448,0,1,1,0.000381
634,pasto,,634,pasto,4,5,0.314698,0.325449,0,0,0,0.000372
635,convenio,,635,convenio,0,0,0,0,0,0,0,0
636,100,,636,100,4,6,0.285796,0.29481,0,0,0,0.000162
637,principios,,637,principios,4,5,0.384202,0.402595,0,0,0,0.004503
638,juventud,,638,juventud,0,0,0,0,0,0,0,0
639,regimen,,639,regimen,0,0,0,0,0,0,0,0
640,eps,,640,eps,2,5,0.30072,0.309448,0,0,0,0.000067
641,arauca,,641,arauca,4,5,0.320332,0.331371,7.869562,0,0,0.000212
642,fiscales,,642,fiscales,0,0,0,0,0,0,0,0
643,diversidad,,643,diversidad,0,0,0,0,0,0,0,0
644,toribio,,644,toribio,0,0,0,0,0,0,0,0
645,deportistas,,645,deportistas,14,4,0.384202,0.405023,0,1,3,0.004509
646,colfuturo,,646,colfuturo,4,5,0.315889,0.326281,0,0,0,0.000855
647,comunidades,,647,comunidades,18,5,0.349372,0.367997,3.088065,0.5,3,0.005357
648,municipios,,648,municipios,2,5,0.384202,0.402595,0,0,0,0.002252
649,concejales,,649,concejales,0,0,0,0,0,0,0,0
650,avion,,650,avion,0,0,0,0,0,0,0,0
651,islas,,651,islas,0,0,0,0,0,0,0,0
652,providencia,,652,providencia,22,5,0.297683,0.306287,0,1,1,0.000373
653,don,,653,don,0,0,0,0,0,0,0,0
654,ninguna,,654,ninguna,0,0,0,0,0,0,0,0
655,senor,,655,senor,10,5,0.316288,0.329275,1.661968,0.333333,1,0.000633
656,plazo,,656,plazo,0,0,0,0,0,0,0,0
657,mediano,,657,mediano,0,0,0,0,0,0,0,0
658,cuentas,,658,cuentas,2,5,0.384202,0.402595,0,0,0,0.002252
659,barrio,,659,barrio,0,0,0,0,0,0,0,0
660,volver,,660,volver,0,0,0,0,0,0,0,0
661,mercados,,661,mercados,4,5,0.384793,0.403925,0,1,1,0.002279
662,valledupar,,662,valledupar,4,5,0.384202,0.402595,0,0,0,0.004503
663,cesar,,663,cesar,0,0,0,0,0,0,0,0
664,encontre,,664,encontre,0,0,0,0,0,0,0,0
665,rendicion,,665,rendicion,0,0,0,0,0,0,0,0
666,itagui,,666,itagui,2,5,0.314698,0.325449,0,0,0,0.000186
667,captura,,667,captura,0,0,0,0,0,0,0,0
668,autoridades,,668,autoridades,0,0,0,0,0,0,0,0
669,rama,,669,rama,6,5,0.336694,0.349701,0,1,1,0.001244
670,lopez,,670,lopez,8,4,0.426383,0.445276,0,1,3,0.005465
671,cumpleanos,,671,cumpleanos,0,0,0,0,0,0,0,0
672,asamblea,,672,asamblea,0,0,0,0,0,0,0,0
673,caldas,,673,caldas,0,0,0,0,0,0,0,0
674,atletas,,674,atletas,6,4,0.382735,0.402861,0,1,1,0.004258
675,compromiso,,675,compromiso,0,0,0,0,0,0,0,0
676,gloria,,676,gloria,0,0,0,0,0,0,0,0
677,castano,,677,castano,0,0,0,0,0,0,0,0
678,valencia,,678,valencia,0,0,0,0,0,0,0,0
679,presidencial,,679,presidencial,0,0,0,0,0,0,0,0
680,peru,,680,peru,18,4,0.386873,0.408017,0,1,3,0.012265
681,lagos,,681,lagos,0,0,0,0,0,0,0,0
682,dona,,682,dona,2,5,0.344567,0.360013,0,0,0,0.001606
683,fin,,683,fin,0,0,0,0,0,0,0,0
684,conflicto,,684,conflicto,136,4,0.440246,0.461411,2.239207,0.805556,29,0.092939
685,ayudar,,685,ayudar,0,0,0,0,0,0,0,0
686,ocad,,686,ocad,2,5,0.301444,0.309814,0,0,0,0.000061
687,beatriz,,687,beatriz,0,0,0,0,0,0,0,0
688,medicamentos,,688,medicamentos,2,5,0.30072,0.309448,0,0,0,0.000067
689,federico,,689,federico,0,0,0,0,0,0,0,0
690,genova,,690,genova,0,0,0,0,0,0,0,0
691,quindio,,691,quindio,0,0,0,0,0,0,0,0
692,armenia,,692,armenia,0,0,0,0,0,0,0,0
693,defensoria,,693,defensoria,2,5,0.312929,0.320725,0,0,0,0.000104
694,proteccion,,694,proteccion,4,5,0.312929,0.320725,0,0,0,0.000208
695,cualidades,,695,cualidades,0,0,0,0,0,0,0,0
696,negociadores,,696,negociadores,0,0,0,0,0,0,0,0
697,apoyo,,697,apoyo,12,4,0.40048,0.422156,0,1,3,0.006125
698,senores,,698,senores,0,0,0,0,0,0,0,0
699,exportadores,,699,exportadores,0,0,0,0,0,0,0,0
700,marca,,700,marca,0,0,0,0,0,0,0,0
701,goles,,701,goles,0,0,0,0,0,0,0,0
702,reintegracion,,702,reintegracion,2,5,0.317089,0.325749,0,0,0,0.000267
703,bomberos,,703,bomberos,2,5,0.323434,0.332302,0,0,0,0.0005
704,ahora,,704,ahora,0,0,0,0,0,0,0,0
705,tipo,,705,tipo,2,5,0.323434,0.332302,0,0,0,0.0005
706,salario,,706,salario,0,0,0,0,0,0,0,0
707,concepto,,707,concepto,0,0,0,0,0,0,0,0
708,capos,,708,capos,0,0,0,0,0,0,0,0
709,iniciativas,,709,iniciativas,0,0,0,0,0,0,0,0
710,gina,,710,gina,0,0,0,0,0,0,0,0
711,inflacion,,711,inflacion,0,0,0,0,0,0,0,0
712,distrito,,712,distrito,0,0,0,0,0,0,0,0
713,ciencia,,713,ciencia,0,0,0,0,0,0,0,0
714,ir,,714,ir,4,4,0.421362,0.44012,0,1,1,0.004315
715,reformas,,715,reformas,0,0,0,0,0,0,0,0
716,cirugia,,716,cirugia,0,0,0,0,0,0,0,0
717,cancer,,717,cancer,0,0,0,0,0,0,0,0
718,arabe,,718,arabe,0,0,0,0,0,0,0,0
719,examen,,719,examen,0,0,0,0,0,0,0,0
720,hagan,,720,hagan,0,0,0,0,0,0,0,0
721,fase,,721,fase,0,0,0,0,0,0,0,0
722,judio,,722,judio,0,0,0,0,0,0,0,0
723,israel,,723,israel,12,4,0.386276,0.406687,0,1,1,0.010893
724,vicepresidente,,724,vicepresidente,4,4,0.382151,0.40153,0,0,0,0.004127
725,senora,,725,senora,0,0,0,0,0,0,0,0
726,u,,726,u,0,0,0,0,0,0,0,0
727,criminal,,727,criminal,4,5,0.29786,0.305622,0,0,0,0.000103
728,maquinaria,,728,maquinaria,0,0,0,0,0,0,0,0
729,importancia,,729,importancia,0,0,0,0,0,0,0,0
730,capitales,,730,capitales,6,5,0.306985,0.315469,0,1,1,0.000104
731,estrategia,,731,estrategia,0,0,0,0,0,0,0,0
732,buque,,732,buque,0,0,0,0,0,0,0,0
733,cadetes,,733,cadetes,0,0,0,0,0,0,0,0
734,tramo,,734,tramo,0,0,0,0,0,0,0,0
735,country,,735,country,0,0,0,0,0,0,0,0
736,competencia,,736,competencia,2,1,1,1,0,0,0,0.000023
737,modalidades,,737,modalidades,0,0,0,0,0,0,0,0
738,lanceros,,738,lanceros,0,0,0,0,0,0,0,0
739,ospinas,,739,ospinas,0,0,0,0,0,0,0,0
740,compania,,740,compania,0,0,0,0,0,0,0,0
741,arte,,741,arte,0,0,0,0,0,0,0,0
742,crisis,,742,crisis,0,0,0,0,0,0,0,0
743,archipielago,,743,archipielago,2,4,0.382151,0.40153,0,0,0,0.002064
744,habitantes,,744,habitantes,0,0,0,0,0,0,0,0
745,carmenza,,745,carmenza,0,0,0,0,0,0,0,0
746,embajadora,,746,embajadora,0,0,0,0,0,0,0,0
747,resultados,,747,resultados,12,5,0.392326,0.414737,0.584991,0.533333,8,0.003042
748,decisiones,,748,decisiones,0,0,0,0,0,0,0,0
749,internet,,749,internet,2,6,0.278798,0.286826,0,0,0,0.000038
750,acceso,,750,acceso,16,5,0.386276,0.406753,500.023145,0.333333,2,0.007171
751,cundinamarca,,751,cundinamarca,0,0,0,0,0,0,0,0
752,confecciones,,752,confecciones,2,5,0.303452,0.312774,0,0,0,0.000241
753,cafetera,,753,cafetera,0,0,0,0,0,0,0,0
754,caficultura,,754,caficultura,0,0,0,0,0,0,0,0
755,participacion,,755,participacion,0,0,0,0,0,0,0,0
756,artesanos,,756,artesanos,4,4,0.382443,0.402528,0,1,1,0.002095
757,artesanias,,757,artesanias,6,4,0.382443,0.402528,0,1,1,0.004154
758,dicen,,758,dicen,0,0,0,0,0,0,0,0
759,fondo,,759,fondo,8,4,0.382151,0.40153,0,0,0,0.008255
760,impuesto,,760,impuesto,0,0,0,0,0,0,0,0
761,aviacion,,761,aviacion,0,0,0,0,0,0,0,0
762,premios,,762,premios,0,0,0,0,0,0,0,0
763,soacha,,763,soacha,2,5,0.307174,0.314737,0,0,0,0.000147
764,alla,,764,alla,6,4,0.40048,0.422156,0.032867,0.666667,2,0.003735
765,policias,,765,policias,14,5,0.326172,0.341683,0.71648,0.666667,4,0.001152
766,realmente,,766,realmente,0,0,0,0,0,0,0,0
767,cumpliendo,,767,cumpliendo,0,0,0,0,0,0,0,0
768,150,,768,150,0,0,0,0,0,0,0,0
769,proposito,,769,proposito,0,0,0,0,0,0,0,0
770,clase,,770,clase,4,5,0.31391,0.324185,0,1,1,0.00023
771,bueno,,771,bueno,2,5,0.323434,0.332302,0,0,0,0.0005
772,usaquen,,772,usaquen,0,0,0,0,0,0,0,0
773,ejecucion,,773,ejecucion,6,5,0.319923,0.33004,0.016887,0,0,0.000595
774,carter,,774,carter,2,4,0.382151,0.40153,0,0,0,0.002064
775,contrato,,775,contrato,2,5,0.294014,0.303327,0,0,0,0.000073
776,conversaciones,,776,conversaciones,6,5,0.346234,0.362176,0,1,1,0.001779
777,medallas,,777,medallas,2,5,0.307362,0.315469,0,0,0,0.000097
778,acciones,,778,acciones,2,6,0.237104,0.242548,0,0,0,0.000024
779,comunicar,,779,comunicar,0,0,0,0,0,0,0,0
780,medios,,780,medios,2,5,0.333555,0.344711,0,0,0,0.000514
781,computador,,781,computador,2,5,0.312734,0.322289,0,0,0,0.00017
782,inpec,,782,inpec,0,0,0,0,0,0,0,0
783,leyes,,783,leyes,4,5,0.384497,0.403593,0,1,1,0.002305
784,saludar,,784,saludar,0,0,0,0,0,0,0,0
785,propuestas,,785,propuestas,0,0,0,0,0,0,0,0
786,europa,,786,europa,0,0,0,0,0,0,0,0
787,artistas,,787,artistas,2,5,0.305861,0.313307,0,0,0,0.00013
788,ibague,,788,ibague,0,0,0,0,0,0,0,0
789,tratando,,789,tratando,0,0,0,0,0,0,0,0
790,persona,,790,persona,0,0,0,0,0,0,0,0
791,baranoa,,791,baranoa,0,0,0,0,0,0,0,0
792,agenda,,792,agenda,0,0,0,0,0,0,0,0
793,yumbo,,793,yumbo,0,0,0,0,0,0,0,0
794,helicopteros,,794,helicopteros,0,0,0,0,0,0,0,0
795,pradera,,795,pradera,0,0,0,0,0,0,0,0
796,barrios,,796,barrios,0,0,0,0,0,0,0,0
797,ipiales,,797,ipiales,0,0,0,0,0,0,0,0
798,hospital,,798,hospital,18,5,0.396989,0.418397,6.686512,0.5,3,0.004215
799,habana,,799,habana,2,5,0.344567,0.360013,0,0,0,0.001606
800,fronteras,,800,fronteras,0,0,0,0,0,0,0,0
801,venido,,801,venido,4,5,0.320332,0.332369,0,1,1,0.000426
802,massachusetts,,802,massachusetts,0,0,0,0,0,0,0,0
803,organizaciones,,803,organizaciones,8,5,0.298748,0.306287,0,0,0,0.00021
804,extorsion,,804,extorsion,0,0,0,0,0,0,0,0
805,ministra,,805,ministra,6,5,0.385681,0.405589,455.357519,0.333333,1,0.0023
806,hicimos,,806,hicimos,0,0,0,0,0,0,0,0
807,cultura,,807,cultura,26,4,0.42602,0.44644,2.502712,0.6,6,0.022039
808,colegios,,808,colegios,36,5,0.401121,0.424052,1.480528,0.733333,11,0.014195
809,bandas,,809,bandas,0,0,0,0,0,0,0,0
810,puertos,,810,puertos,0,0,0,0,0,0,0,0
811,taller,,811,taller,0,0,0,0,0,0,0,0
812,marquez,,812,marquez,0,0,0,0,0,0,0,0
813,ramiriqui,,813,ramiriqui,0,0,0,0,0,0,0,0
814,zelandia,,814,zelandia,0,0,0,0,0,0,0,0
815,ademas,,815,ademas,2,5,0.307362,0.315469,0,0,0,0.000097
816,horas,,816,horas,0,0,0,0,0,0,0,0
817,paro,,817,paro,0,0,0,0,0,0,0,0
818,heroes,,818,heroes,0,0,0,0,0,0,0,0
819,icetex,,819,icetex,2,5,0.315889,0.326281,0,0,0,0.000428
820,adultos,,820,adultos,6,5,0.384497,0.403593,0,1,1,0.002307
821,mayores,,821,mayores,6,5,0.384497,0.403593,0,1,1,0.002307
822,banco,,822,banco,2,5,0.317089,0.325882,0,0,0,0.000259
823,escolar,,823,escolar,4,5,0.318095,0.329208,0,1,1,0.000452
824,convivencia,,824,convivencia,8,5,0.325114,0.339188,18.92217,0.333333,2,0.00064
825,gaula,,825,gaula,0,0,0,0,0,0,0,0
826,ordinaria,,826,ordinaria,0,0,0,0,0,0,0,0
827,natural,,827,natural,0,0,0,0,0,0,0,0
828,evento,,828,evento,0,0,0,0,0,0,0,0
829,mes,,829,mes,0,0,0,0,0,0,0,0
830,bronx,,830,bronx,0,0,0,0,0,0,0,0
831,transparencia,,831,transparencia,22,5,0.336467,0.349867,0,1,3,0.001195
832,monsenor,,832,monsenor,0,0,0,0,0,0,0,0
833,territorio,,833,territorio,0,0,0,0,0,0,0,0
834,salio,,834,salio,0,0,0,0,0,0,0,0
835,sectores,,835,sectores,0,0,0,0,0,0,0,0
836,desigualdad,,836,desigualdad,0,0,0,0,0,0,0,0
837,logrado,,837,logrado,0,0,0,0,0,0,0,0
838,manizales,,838,manizales,2,6,0.278024,0.285729,0,0,0,0.000027
839,dorada,,839,dorada,0,0,0,0,0,0,0,0
840,emprendimiento,,840,emprendimiento,2,4,0.382151,0.40153,0,0,0,0.002064
841,traves,,841,traves,0,0,0,0,0,0,0,0
842,restrepo,,842,restrepo,0,0,0,0,0,0,0,0
843,avances,,843,avances,0,0,0,0,0,0,0,0
844,57,,844,57,0,0,0,0,0,0,0,0
845,gota,,845,gota,0,0,0,0,0,0,0,0
846,suba,,846,suba,0,0,0,0,0,0,0,0
847,amenaza,,847,amenaza,0,0,0,0,0,0,0,0
848,alemania,,848,alemania,4,4,0.382151,0.40153,0,0,0,0.004127
849,laura,,849,laura,4,4,0.382735,0.402861,0,1,1,0.002099
850,madre,,850,madre,0,0,0,0,0,0,0,0
851,jerico,,851,jerico,0,0,0,0,0,0,0,0
852,espiritu,,852,espiritu,0,0,0,0,0,0,0,0
853,drogas,,853,drogas,8,4,0.382443,0.402528,0,1,1,0.006218
854,informe,,854,informe,0,0,0,0,0,0,0,0
855,camilo,,855,camilo,0,0,0,0,0,0,0,0
856,impacto,,856,impacto,0,0,0,0,0,0,0,0
857,muchisimo,,857,muchisimo,0,0,0,0,0,0,0,0
858,propusimos,,858,propusimos,0,0,0,0,0,0,0,0
859,biden,,859,biden,2,4,0.382151,0.40153,0,0,0,0.002064
860,pipe,,860,pipe,0,0,0,0,0,0,0,0
861,docentes,,861,docentes,8,5,0.387471,0.407585,1.057378,0.666667,2,0.003134
862,ocde,,862,ocde,8,4,0.4235,0.442781,0,1,3,0.006646
863,encima,,863,encima,0,0,0,0,0,0,0,0
864,lula,,864,lula,0,0,0,0,0,0,0,0
865,'ollas,,865,'ollas,2,5,0.31391,0.323054,0,0,0,0.000166
866,reino,,866,reino,8,4,0.382443,0.402528,0,1,1,0.004182
867,palestina,,867,palestina,0,0,0,0,0,0,0,0
868,fortalecer,,868,fortalecer,0,0,0,0,0,0,0,0
869,numero,,869,numero,0,0,0,0,0,0,0,0
870,puerto,,870,puerto,14,4,0.421717,0.441118,1.71621,0.666667,2,0.013161
871,carmen,,871,carmen,4,5,0.308498,0.317864,0,1,1,0.000098
872,bolivar,,872,bolivar,8,5,0.347434,0.364837,42.497792,0.666667,2,0.003304
873,belisario,,873,belisario,0,0,0,0,0,0,0,0
874,betancur,,874,betancur,0,0,0,0,0,0,0,0
875,competir,,875,competir,0,0,0,0,0,0,0,0
876,aprendices,,876,aprendices,0,0,0,0,0,0,0,0
877,delito,,877,delito,0,0,0,0,0,0,0,0
878,calenos,,878,calenos,2,6,0.245108,0.251031,0,0,0,0.000026
879,contrabando,,879,contrabando,4,5,0.30493,0.314138,0.518775,0,0,0.000067
880,moderno,,880,moderno,2,5,0.384202,0.402595,0,0,0,0.002252
881,villavicencio,,881,villavicencio,0,0,0,0,0,0,0,0
882,antioquenos,,882,antioquenos,0,0,0,0,0,0,0,0
883,taxistas,,883,taxistas,0,0,0,0,0,0,0,0
884,florentino,,884,florentino,0,0,0,0,0,0,0,0
885,matematicas,,885,matematicas,0,0,0,0,0,0,0,0
886,representar,,886,representar,0,0,0,0,0,0,0,0
887,historico,,887,historico,2,4,0.382151,0.40153,0,0,0,0.002064
888,sahagun,,888,sahagun,2,5,0.344567,0.360013,0,0,0,0.001606
889,argentina,,889,argentina,0,0,0,0,0,0,0,0
890,incendios,,890,incendios,0,0,0,0,0,0,0,0
891,instrucciones,,891,instrucciones,0,0,0,0,0,0,0,0
892,naval,,892,naval,0,0,0,0,0,0,0,0
893,destino,,893,destino,4,4,0.382443,0.402528,0,1,1,0.002114
894,carranza,,894,carranza,0,0,0,0,0,0,0,0
895,poeta,,895,poeta,0,0,0,0,0,0,0,0
896,catatumbo,,896,catatumbo,0,0,0,0,0,0,0,0
897,bucaramanga,,897,bucaramanga,2,1,1,1,0,0,0,0.000023
898,expresidente,,898,expresidente,0,0,0,0,0,0,0,0
899,justo,,899,justo,0,0,0,0,0,0,0,0
900,podemos,,900,podemos,2,5,0.384202,0.402595,0,0,0,0.002252
901,aprendieron,,901,aprendieron,0,0,0,0,0,0,0,0
902,rehabilitacion,,902,rehabilitacion,0,0,0,0,0,0,0,0
903,vias,,903,vias,12,5,0.387771,0.407252,0,1,1,0.011773
904,alcantarillado,,904,alcantarillado,0,0,0,0,0,0,0,0
905,cupula,,905,cupula,0,0,0,0,0,0,0,0
906,nairo,,906,nairo,2,4,0.382151,0.40153,0,0,0,0.002064
907,camara,,907,camara,0,0,0,0,0,0,0,0
908,voceros,,908,voceros,0,0,0,0,0,0,0,0
909,guerra,,909,guerra,80,4,0.442971,0.464238,500.973297,0.511111,23,0.058852
910,pensiones,,910,pensiones,0,0,0,0,0,0,0,0
911,eln,,911,eln,6,5,0.347917,0.364837,81.714139,0,0,0.001653
912,ciudadano,,912,ciudadano,0,0,0,0,0,0,0,0
913,canadiense,,913,canadiense,0,0,0,0,0,0,0,0
914,parque,,914,parque,2,4,0.382151,0.40153,0,0,0,0.002064
915,transformacion,,915,transformacion,0,0,0,0,0,0,0,0
916,debe,,916,debe,0,0,0,0,0,0,0,0
917,protesta,,917,protesta,0,0,0,0,0,0,0,0
918,pacto,,918,pacto,0,0,0,0,0,0,0,0
919,bienestar,,919,bienestar,0,0,0,0,0,0,0,0
920,politicos,,920,politicos,0,0,0,0,0,0,0,0
921,colombiano,,921,colombiano,4,5,0.384793,0.403925,0,1,1,0.002399
922,noche,,922,noche,0,0,0,0,0,0,0,0
923,fecode,,923,fecode,0,0,0,0,0,0,0,0
924,publico,,924,publico,4,4,0.383321,0.40336,0.842613,0,0,0.002092
925,demanda,,925,demanda,2,4,0.382151,0.40153,0,0,0,0.002064
926,alfonso,,926,alfonso,0,0,0,0,0,0,0,0
927,registro,,927,registro,0,0,0,0,0,0,0,0
928,fragata,,928,fragata,0,0,0,0,0,0,0,0
929,respaldo,,929,respaldo,0,0,0,0,0,0,0,0
930,estimular,,930,estimular,0,0,0,0,0,0,0,0
931,eventos,,931,eventos,0,0,0,0,0,0,0,0
932,precio,,932,precio,0,0,0,0,0,0,0,0
933,noticias,,933,noticias,0,0,0,0,0,0,0,0
934,referendo,,934,referendo,0,0,0,0,0,0,0,0
935,cruceros,,935,cruceros,0,0,0,0,0,0,0,0
936,domestico,,936,domestico,0,0,0,0,0,0,0,0
937,razones,,937,razones,0,0,0,0,0,0,0,0
938,realizando,,938,realizando,0,0,0,0,0,0,0,0
939,hurto,,939,hurto,0,0,0,0,0,0,0,0
940,meta,,940,meta,0,0,0,0,0,0,0,0
941,angelino,,941,angelino,0,0,0,0,0,0,0,0
942,evaluacion,,942,evaluacion,0,0,0,0,0,0,0,0
943,diferentes,,943,diferentes,0,0,0,0,0,0,0,0
944,simboliza,,944,simboliza,0,0,0,0,0,0,0,0
945,naturaleza,,945,naturaleza,0,0,0,0,0,0,0,0
946,interpol,,946,interpol,0,0,0,0,0,0,0,0
947,presupuesto,,947,presupuesto,0,0,0,0,0,0,0,0
948,instituciones,,948,instituciones,16,5,0.311955,0.322621,0,1,1,0.001563
949,importantes,,949,importantes,0,0,0,0,0,0,0,0
950,terminal,,950,terminal,0,0,0,0,0,0,0,0
951,ahorro,,951,ahorro,2,5,0.303269,0.31161,0,0,0,0.000084
952,terroristas,,952,terroristas,0,0,0,0,0,0,0,0
953,dispuesto,,953,dispuesto,0,0,0,0,0,0,0,0
954,riohacha,,954,riohacha,0,0,0,0,0,0,0,0
955,viota,,955,viota,0,0,0,0,0,0,0,0
956,cabeza,,956,cabeza,0,0,0,0,0,0,0,0
957,terciarias,,957,terciarias,0,0,0,0,0,0,0,0
958,amylkar,,958,amylkar,0,0,0,0,0,0,0,0
959,kilometros,,959,kilometros,2,5,0.384202,0.402595,0,0,0,0.002252
960,cadenas,,960,cadenas,0,0,0,0,0,0,0,0
961,cadena,,961,cadena,4,5,0.384202,0.402595,0,0,0,0.004503
962,bolivarianos,,962,bolivarianos,0,0,0,0,0,0,0,0
963,campeones,,963,campeones,0,0,0,0,0,0,0,0
964,holanda,,964,holanda,0,0,0,0,0,0,0,0
965,jose,,965,jose,0,0,0,0,0,0,0,0
966,name,,966,name,0,0,0,0,0,0,0,0
967,comunes,,967,comunes,0,0,0,0,0,0,0,0
968,empresarios,,968,empresarios,10,4,0.422072,0.44145,500,0.333333,1,0.008466
969,oea,,969,oea,0,0,0,0,0,0,0,0
970,acto,,970,acto,0,0,0,0,0,0,0,0
971,civiles,,971,civiles,0,0,0,0,0,0,0,0
972,museo,,972,museo,2,6,0.281303,0.290053,0,0,0,0.000037
973,renovacion,,973,renovacion,2,5,0.30661,0.314571,0,0,0,0.00006
974,fonade,,974,fonade,0,0,0,0,0,0,0,0
975,pos,,975,pos,0,0,0,0,0,0,0,0
976,alcohol,,976,alcohol,0,0,0,0,0,0,0,0
977,aumento,,977,aumento,0,0,0,0,0,0,0,0
978,responsables,,978,responsables,0,0,0,0,0,0,0,0
979,rios,,979,rios,0,0,0,0,0,0,0,0
980,tarea,,980,tarea,0,0,0,0,0,0,0,0
981,desastre,,981,desastre,0,0,0,0,0,0,0,0
982,arturo,,982,arturo,2,1,1,1,0,0,0,0.000023
983,calle,,983,calle,2,1,1,1,0,0,0,0.000023
984,foro,,984,foro,0,0,0,0,0,0,0,0
985,recuperacion,,985,recuperacion,0,0,0,0,0,0,0,0
986,cubano,,986,cubano,0,0,0,0,0,0,0,0
987,nacion,,987,nacion,0,0,0,0,0,0,0,0
988,sala,,988,sala,0,0,0,0,0,0,0,0
989,acueducto,,989,acueducto,0,0,0,0,0,0,0,0
990,amar,,990,amar,0,0,0,0,0,0,0,0
991,cambiar,,991,cambiar,0,0,0,0,0,0,0,0
992,zipaquira,,992,zipaquira,0,0,0,0,0,0,0,0
993,bretana,,993,bretana,0,0,0,0,0,0,0,0
994,unidas,,994,unidas,14,4,0.385385,0.40652,0,1,3,0.00465
995,carabineros,,995,carabineros,0,0,0,0,0,0,0,0
996,juntos,,996,juntos,0,0,0,0,0,0,0,0
997,conferencia,,997,conferencia,0,0,0,0,0,0,0,0
998,inversiones,,998,inversiones,0,0,0,0,0,0,0,0
999,profesores,,999,profesores,2,5,0.384202,0.402595,0,0,0,0.002252
1000,mucha,,1000,mucha,2,5,0.384202,0.402595,0,0,0,0.002252
1001,votar,,1001,votar,6,5,0.324692,0.334797,0,1,1,0.00062
1002,amistad,,1002,amistad,0,0,0,0,0,0,0,0
1003,insumos,,1003,insumos,0,0,0,0,0,0,0,0
1004,credito,,1004,credito,0,0,0,0,0,0,0,0
1005,patrullera,,1005,patrullera,0,0,0,0,0,0,0,0
1006,vil,,1006,vil,0,0,0,0,0,0,0,0
1007,asesinato,,1007,asesinato,0,0,0,0,0,0,0,0
1008,episodio,,1008,episodio,0,0,0,0,0,0,0,0
1009,gimnasio,,1009,gimnasio,0,0,0,0,0,0,0,0
1010,petro,,1010,petro,0,0,0,0,0,0,0,0
1011,colanta,,1011,colanta,0,0,0,0,0,0,0,0
1012,leche,,1012,leche,0,0,0,0,0,0,0,0
1013,gobernabilidad,,1013,gobernabilidad,0,0,0,0,0,0,0,0
1014,tunja,,1014,tunja,0,0,0,0,0,0,0,0
1015,transmilenio,,1015,transmilenio,0,0,0,0,0,0,0,0
1016,bogotanos,,1016,bogotanos,0,0,0,0,0,0,0,0
1017,calzado,,1017,calzado,0,0,0,0,0,0,0,0
1018,participantes,,1018,participantes,0,0,0,0,0,0,0,0
1019,celulares,,1019,celulares,2,2,0.666667,0.75,0,0,0,0.000023
1020,envigado,,1020,envigado,0,0,0,0,0,0,0,0
1021,expendios,,1021,expendios,0,0,0,0,0,0,0,0
1022,quieren,,1022,quieren,0,0,0,0,0,0,0,0
1023,droga,,1023,droga,0,0,0,0,0,0,0,0
1024,virtudes,,1024,virtudes,0,0,0,0,0,0,0,0
1025,gabo,,1025,gabo,2,6,0.279888,0.288224,0,0,0,0.000039
1026,macondo,,1026,macondo,0,0,0,0,0,0,0,0
1027,grande,,1027,grande,2,4,0.382151,0.40153,0,0,0,0.002064
1028,patricia,,1028,patricia,0,0,0,0,0,0,0,0
1029,sueno,,1029,sueno,0,0,0,0,0,0,0,0
1030,vigia,,1030,vigia,0,0,0,0,0,0,0,0
1031,fuerte,,1031,fuerte,0,0,0,0,0,0,0,0
1032,ensenan,,1032,ensenan,0,0,0,0,0,0,0,0
1033,conpes,,1033,conpes,0,0,0,0,0,0,0,0
1034,fronterizos,,1034,fronterizos,0,0,0,0,0,0,0,0
1035,artesanal,,1035,artesanal,0,0,0,0,0,0,0,0
1036,prima,,1036,prima,0,0,0,0,0,0,0,0
1037,dolor,,1037,dolor,0,0,0,0,0,0,0,0
1038,afrocolombianos,,1038,afrocolombianos,0,0,0,0,0,0,0,0
1039,celebrar,,1039,celebrar,0,0,0,0,0,0,0,0
1040,capturados,,1040,capturados,0,0,0,0,0,0,0,0
1041,reconciliacion,,1041,reconciliacion,2,5,0.344567,0.360013,0,0,0,0.001606
1042,augusto,,1042,augusto,0,0,0,0,0,0,0,0
1043,sembrando,,1043,sembrando,0,0,0,0,0,0,0,0
1044,sexual,,1044,sexual,0,0,0,0,0,0,0,0
1045,18,,1045,18,0,0,0,0,0,0,0,0
1046,servidor,,1046,servidor,0,0,0,0,0,0,0,0
1047,tercera,,1047,tercera,2,4,0.382151,0.40153,0,0,0,0.002064
1048,periodista,,1048,periodista,2,5,0.320332,0.3331,0,0,0,0.000575
1049,armonia,,1049,armonia,0,0,0,0,0,0,0,0
1050,especies,,1050,especies,2,4,0.382151,0.40153,0,0,0,0.002064
1051,1,,1051,1,0,0,0,0,0,0,0,0
1052,ingles,,1052,ingles,0,0,0,0,0,0,0,0
1053,rusia,,1053,rusia,0,0,0,0,0,0,0,0
1054,dian,,1054,dian,0,0,0,0,0,0,0,0
1055,ortega,,1055,ortega,0,0,0,0,0,0,0,0
1056,moda,,1056,moda,0,0,0,0,0,0,0,0
1057,colon,,1057,colon,0,0,0,0,0,0,0,0
1058,fenomeno,,1058,fenomeno,10,5,0.386276,0.405589,0,1,1,0.00471
1059,soledad,,1059,soledad,0,0,0,0,0,0,0,0
1060,vive,,1060,vive,0,0,0,0,0,0,0,0
1061,panama,,1061,panama,0,0,0,0,0,0,0,0
1062,palmira,,1062,palmira,0,0,0,0,0,0,0,0
1063,maduro,,1063,maduro,2,5,0.320332,0.3331,0,0,0,0.000575
1064,rey,,1064,rey,0,0,0,0,0,0,0,0
1065,majestad,,1065,majestad,0,0,0,0,0,0,0,0
1066,alimentos,,1066,alimentos,0,0,0,0,0,0,0,0
1067,equidad,,1067,equidad,2,5,0.384202,0.402595,0,0,0,0.002252
1068,corpoica,,1068,corpoica,2,5,0.304189,0.31171,0,0,0,0.000147
1069,jineth,,1069,jineth,0,0,0,0,0,0,0,0
1070,contento,,1070,contento,0,0,0,0,0,0,0,0
1071,twitter,,1071,twitter,0,0,0,0,0,0,0,0
1072,simon,,1072,simon,0,0,0,0,0,0,0,0
1073,vacuna,,1073,vacuna,0,0,0,0,0,0,0,0
1074,jairo,,1074,jairo,0,0,0,0,0,0,0,0
1075,john,,1075,john,0,0,0,0,0,0,0,0
1076,contralor,,1076,contralor,0,0,0,0,0,0,0,0
1077,genero,,1077,genero,0,0,0,0,0,0,0,0
1078,compra,,1078,compra,0,0,0,0,0,0,0,0
1079,entidad,,1079,entidad,0,0,0,0,0,0,0,0
1080,isla,,1080,isla,0,0,0,0,0,0,0,0
1081,analfabetismo,,1081,analfabetismo,0,0,0,0,0,0,0,0
1082,oposicion,,1082,oposicion,0,0,0,0,0,0,0,0
1083,comunicaciones,,1083,comunicaciones,0,0,0,0,0,0,0,0
1084,frontera,,1084,frontera,16,4,0.385681,0.408184,547.349693,0.3,3,0.003206
1085,mompox,,1085,mompox,4,5,0.344567,0.360013,0,0,0,0.003212
1086,manuel,,1086,manuel,10,5,0.320537,0.334098,0,1,1,0.001783
1087,corbeta,,1087,corbeta,0,0,0,0,0,0,0,0
1088,poderes,,1088,poderes,0,0,0,0,0,0,0,0
1089,equilibrio,,1089,equilibrio,0,0,0,0,0,0,0,0
1090,ferro,,1090,ferro,0,0,0,0,0,0,0,0
1091,sur,,1091,sur,0,0,0,0,0,0,0,0
1092,pablo,,1092,pablo,0,0,0,0,0,0,0,0
1093,hacia,,1093,hacia,4,5,0.385088,0.404258,0,1,1,0.002403
1094,financiera,,1094,financiera,0,0,0,0,0,0,0,0
1095,belgica,,1095,belgica,0,0,0,0,0,0,0,0
1096,secretaria,,1096,secretaria,0,0,0,0,0,0,0,0
1097,luchar,,1097,luchar,0,0,0,0,0,0,0,0
1098,director,,1098,director,2,5,0.320332,0.3331,0,0,0,0.000575
1099,sociedades,,1099,sociedades,0,0,0,0,0,0,0,0
1100,unido,,1100,unido,6,4,0.382443,0.402528,0,1,1,0.002127
1101,principe,,1101,principe,0,0,0,0,0,0,0,0
1102,oceanos,,1102,oceanos,0,0,0,0,0,0,0,0
1103,canciller,,1103,canciller,0,0,0,0,0,0,0,0
1104,agradezco,,1104,agradezco,0,0,0,0,0,0,0,0
1105,gomez,,1105,gomez,0,0,0,0,0,0,0,0
1106,mendez,,1106,mendez,0,0,0,0,0,0,0,0
1107,girardot,,1107,girardot,0,0,0,0,0,0,0,0
1108,diego,,1108,diego,0,0,0,0,0,0,0,0
1109,metro,,1109,metro,6,5,0.335117,0.347538,0,1,1,0.000634
1110,iragorri,,1110,iragorri,0,0,0,0,0,0,0,0
1111,cuento,,1111,cuento,0,0,0,0,0,0,0,0
1112,putumayo,,1112,putumayo,0,0,0,0,0,0,0,0
1113,caicedo,,1113,caicedo,0,0,0,0,0,0,0,0
1114,seguir,,1114,seguir,0,0,0,0,0,0,0,0
1115,bavaria,,1115,bavaria,0,0,0,0,0,0,0,0
1116,muchachos,,1116,muchachos,0,0,0,0,0,0,0,0
1117,wayuu,,1117,wayuu,0,0,0,0,0,0,0,0
1118,bahia,,1118,bahia,0,0,0,0,0,0,0,0
1119,queridos,,1119,queridos,0,0,0,0,0,0,0,0
1120,negociaciones,,1120,negociaciones,2,5,0.344567,0.360013,0,0,0,0.001606
1121,virus,,1121,virus,0,0,0,0,0,0,0,0
1122,2015,,1122,2015,0,0,0,0,0,0,0,0
1123,concesion,,1123,concesion,0,0,0,0,0,0,0,0
1124,andes,,1124,andes,0,0,0,0,0,0,0,0
1125,lugar,,1125,lugar,0,0,0,0,0,0,0,0
1126,pueden,,1126,pueden,0,0,0,0,0,0,0,0
1127,padres,,1127,padres,0,0,0,0,0,0,0,0
1128,recomendaciones,,1128,recomendaciones,0,0,0,0,0,0,0,0
1129,tasa,,1129,tasa,0,0,0,0,0,0,0,0
1130,guapi,,1130,guapi,0,0,0,0,0,0,0,0
1131,jornada,,1131,jornada,4,1,1,1,0,0,0,0.000046
1132,unica,,1132,unica,4,1,1,1,0,0,0,0.000046
1133,cpb,,1133,cpb,0,0,0,0,0,0,0,0
1134,leticia,,1134,leticia,0,0,0,0,0,0,0,0
1135,amazonas,,1135,amazonas,0,0,0,0,0,0,0,0
1136,pacientes,,1136,pacientes,0,0,0,0,0,0,0,0
1137,desaparecidos,,1137,desaparecidos,0,0,0,0,0,0,0,0
1138,annan,,1138,annan,0,0,0,0,0,0,0,0
1139,kofi,,1139,kofi,0,0,0,0,0,0,0,0
1140,guainia,,1140,guainia,0,0,0,0,0,0,0,0
1141,mutis,,1141,mutis,0,0,0,0,0,0,0,0
1142,biodiversidad,,1142,biodiversidad,6,4,0.382151,0.40153,0,0,0,0.006191
1143,m19,,1143,m19,0,0,0,0,0,0,0,0
1144,cotecmar,,1144,cotecmar,0,0,0,0,0,0,0,0
1145,memoria,,1145,memoria,0,0,0,0,0,0,0,0
1146,betulia,,1146,betulia,0,0,0,0,0,0,0,0
1147,tolima,,1147,tolima,0,0,0,0,0,0,0,0
1148,nicanor,,1148,nicanor,4,5,0.395422,0.415403,0,1,1,0.003858
1149,bibliotecas,,1149,bibliotecas,0,0,0,0,0,0,0,0
1150,publicas,,1150,publicas,0,0,0,0,0,0,0,0
1151,carcel,,1151,carcel,0,0,0,0,0,0,0,0
1152,barros,,1152,barros,0,0,0,0,0,0,0,0
1153,magistrados,,1153,magistrados,4,5,0.311567,0.321291,0,0,0,0.00043
1154,transmision,,1154,transmision,0,0,0,0,0,0,0,0
1155,bananeros,,1155,bananeros,0,0,0,0,0,0,0,0
1156,organizado,,1156,organizado,2,2,0.666667,0.75,0,0,0,0.000023
1157,vallenata,,1157,vallenata,0,0,0,0,0,0,0,0
1158,marzo,,1158,marzo,0,0,0,0,0,0,0,0
1159,secuestro,,1159,secuestro,0,0,0,0,0,0,0,0
1160,trata,,1160,trata,0,0,0,0,0,0,0,0
1161,jefe,,1161,jefe,0,0,0,0,0,0,0,0
1162,cinco,,1162,cinco,0,0,0,0,0,0,0,0
1163,cuerpos,,1163,cuerpos,0,0,0,0,0,0,0,0
1164,carcelaria,,1164,carcelaria,0,0,0,0,0,0,0,0
1165,7,,1165,7,0,0,0,0,0,0,0,0
1166,mina,,1166,mina,0,0,0,0,0,0,0,0
1167,10,,1167,10,0,0,0,0,0,0,0,0
1168,etapa,,1168,etapa,0,0,0,0,0,0,0,0
1169,planta,,1169,planta,2,5,0.384202,0.402595,0,0,0,0.002252
1170,mo,,1170,mo,0,0,0,0,0,0,0,0
1171,yan,,1171,yan,0,0,0,0,0,0,0,0
1172,atender,,1172,atender,0,0,0,0,0,0,0,0
1173,programas,,1173,programas,0,0,0,0,0,0,0,0
1174,mario,,1174,mario,0,0,0,0,0,0,0,0
1175,decretos,,1175,decretos,0,0,0,0,0,0,0,0
1176,industriales,,1176,industriales,0,0,0,0,0,0,0,0
1177,multidimensional,,1177,multidimensional,2,5,0.313713,0.323187,0,0,0,0.000206
1178,coca,,1178,coca,4,4,0.382735,0.402861,500,0,0,0.002086
1179,cola,,1179,cola,2,5,0.276949,0.285063,0,0,0,0.000027
1180,visas,,1180,visas,0,0,0,0,0,0,0,0
1181,pabellon,,1181,pabellon,0,0,0,0,0,0,0,0
1182,santo,,1182,santo,6,4,0.382443,0.402528,0,1,1,0.002118
1183,suecia,,1183,suecia,2,4,0.382151,0.40153,0,0,0,0.002064
1184,2013,,1184,2013,0,0,0,0,0,0,0,0
1185,squash,,1185,squash,0,0,0,0,0,0,0,0
1186,dano,,1186,dano,0,0,0,0,0,0,0,0
1187,vicepresidencia,,1187,vicepresidencia,0,0,0,0,0,0,0,0
1188,8a,,1188,8a,0,0,0,0,0,0,0,0
1189,olimpiadas,,1189,olimpiadas,0,0,0,0,0,0,0,0
1190,anuc,,1190,anuc,0,0,0,0,0,0,0,0
1191,educativa,,1191,educativa,0,0,0,0,0,0,0,0
1192,terrenos,,1192,terrenos,0,0,0,0,0,0,0,0
1193,ovejas,,1193,ovejas,0,0,0,0,0,0,0,0
1194,mantener,,1194,mantener,0,0,0,0,0,0,0,0
1195,orgullo,,1195,orgullo,0,0,0,0,0,0,0,0
1196,cruz,,1196,cruz,0,0,0,0,0,0,0,0
1197,roja,,1197,roja,0,0,0,0,0,0,0,0
1198,ingresos,,1198,ingresos,0,0,0,0,0,0,0,0
1199,funcionarios,,1199,funcionarios,0,0,0,0,0,0,0,0
1200,areas,,1200,areas,2,4,0.382151,0.40153,0,0,0,0.002064
1201,protegidas,,1201,protegidas,0,0,0,0,0,0,0,0
1202,nuevas,,1202,nuevas,0,0,0,0,0,0,0,0
1203,mecanismos,,1203,mecanismos,0,0,0,0,0,0,0,0
1204,refrendacion,,1204,refrendacion,0,0,0,0,0,0,0,0
1205,palmar,,1205,palmar,0,0,0,0,0,0,0,0
1206,varela,,1206,varela,0,0,0,0,0,0,0,0
1207,operadores,,1207,operadores,0,0,0,0,0,0,0,0
1208,compatriotas,,1208,compatriotas,2,5,0.278488,0.287226,0,0,0,0.00003
1209,deportados,,1209,deportados,0,0,0,0,0,0,0,0
1210,paramilitares,,1210,paramilitares,0,0,0,0,0,0,0,0
1211,nydia,,1211,nydia,0,0,0,0,0,0,0,0
1212,tic,,1212,tic,0,0,0,0,0,0,0,0
1213,digital,,1213,digital,0,0,0,0,0,0,0,0
1214,paraguachon,,1214,paraguachon,2,5,0.308308,0.316866,0,0,0,0.000069
1215,estacion,,1215,estacion,0,0,0,0,0,0,0,0
1216,media,,1216,media,4,5,0.31391,0.324185,0,1,1,0.00023
1217,diferencias,,1217,diferencias,0,0,0,0,0,0,0,0
1218,cultivos,,1218,cultivos,0,0,0,0,0,0,0,0
1219,sustitucion,,1219,sustitucion,0,0,0,0,0,0,0,0
1220,ola,,1220,ola,0,0,0,0,0,0,0,0
1221,veo,,1221,veo,0,0,0,0,0,0,0,0
1222,mariana,,1222,mariana,0,0,0,0,0,0,0,0
1223,pedro,,1223,pedro,0,0,0,0,0,0,0,0
1224,pilos,,1224,pilos,4,1,1,1,0,1,1,0.000046
1225,pilo,,1225,pilo,6,1,1,1,0,1,1,0.000069
1226,paga,,1226,paga,6,1,1,1,0,1,1,0.000069
1227,cubara,,1227,cubara,0,0,0,0,0,0,0,0
1228,desaparecidas,,1228,desaparecidas,0,0,0,0,0,0,0,0
1229,puntos,,1229,puntos,0,0,0,0,0,0,0,0
1230,militar,,1230,militar,0,0,0,0,0,0,0,0
1231,libre,,1231,libre,2,1,1,1,0,0,0,0.000023
1232,refineria,,1232,refineria,0,0,0,0,0,0,0,0
1233,eleccion,,1233,eleccion,0,0,0,0,0,0,0,0
1234,vote,,1234,vote,0,0,0,0,0,0,0,0
1235,nuevos,,1235,nuevos,0,0,0,0,0,0,0,0
1236,menos,,1236,menos,0,0,0,0,0,0,0,0
1237,renzi,,1237,renzi,0,0,0,0,0,0,0,0
1238,cese,,1238,cese,2,1,1,1,0,0,0,0.000023
1239,fuego,,1239,fuego,2,1,1,1,0,0,0,0.000023
1240,punto,,1240,punto,4,5,0.317089,0.325749,0,0,0,0.000533
1241,campos,,1241,campos,0,0,0,0,0,0,0,0
1242,vaupes,,1242,vaupes,0,0,0,0,0,0,0,0
1243,mitu,,1243,mitu,0,0,0,0,0,0,0,0
1244,melgar,,1244,melgar,0,0,0,0,0,0,0,0
1245,afrontar,,1245,afrontar,0,0,0,0,0,0,0,0
1246,gilmore,,1246,gilmore,0,0,0,0,0,0,0,0
1247,institucionalidad,,1247,institucionalidad,0,0,0,0,0,0,0,0
1248,armero,,1248,armero,0,0,0,0,0,0,0,0
1249,premio,,1249,premio,2,5,0.344567,0.360013,0,0,0,0.001606
1250,monteria,,1250,monteria,0,0,0,0,0,0,0,0
1251,construyendo,,1251,construyendo,0,0,0,0,0,0,0,0
1252,posconflicto,,1252,posconflicto,0,0,0,0,0,0,0,0
1253,plebiscito,,1253,plebiscito,12,5,0.348643,0.365336,0,1,1,0.008298
1254,dorado,,1254,dorado,0,0,0,0,0,0,0,0
1255,reuniones,,1255,reuniones,0,0,0,0,0,0,0,0
1256,vicente,,1256,vicente,0,0,0,0,0,0,0,0
1257,ataques,,1257,ataques,0,0,0,0,0,0,0,0
1258,austeridad,,1258,austeridad,0,0,0,0,0,0,0,0
1259,gremial,,1259,gremial,0,0,0,0,0,0,0,0
1260,fmi,,1260,fmi,0,0,0,0,0,0,0,0
1261,zika,,1261,zika,0,0,0,0,0,0,0,0
1262,casos,,1262,casos,0,0,0,0,0,0,0,0
1263,desnutricion,,1263,desnutricion,0,0,0,0,0,0,0,0
1264,noticia,,1264,noticia,0,0,0,0,0,0,0,0
1265,miedo,,1265,miedo,0,0,0,0,0,0,0,0
1266,alberto,,1266,alberto,0,0,0,0,0,0,0,0
1267,querido,,1267,querido,0,0,0,0,0,0,0,0
1268,armas,,1268,armas,0,0,0,0,0,0,0,0
1269,conversacion,,1269,conversacion,0,0,0,0,0,0,0,0
1270,austria,,1270,austria,10,4,0.386574,0.407685,2.316182,0.666667,2,0.003812
1271,fischer,,1271,fischer,4,5,0.320537,0.334098,0,1,1,0.000606
1272,medidas,,1272,medidas,0,0,0,0,0,0,0,0
1273,controlar,,1273,controlar,0,0,0,0,0,0,0,0
1274,facilitar,,1274,facilitar,0,0,0,0,0,0,0,0
1275,racionamiento,,1275,racionamiento,0,0,0,0,0,0,0,0
1276,cruzada,,1276,cruzada,0,0,0,0,0,0,0,0
1277,5,,1277,5,0,0,0,0,0,0,0,0
1278,razonamiento,,1278,razonamiento,0,0,0,0,0,0,0,0
1279,argos,,1279,argos,0,0,0,0,0,0,0,0
1280,magistrado,,1280,magistrado,0,0,0,0,0,0,0,0
1281,nicaragua,,1281,nicaragua,0,0,0,0,0,0,0,0
1282,paramos,,1282,paramos,4,4,0.382735,0.402861,500,0,0,0.002086
1283,normal,,1283,normal,0,0,0,0,0,0,0,0
1284,fecha,,1284,fecha,0,0,0,0,0,0,0,0
1285,transcaribe,,1285,transcaribe,0,0,0,0,0,0,0,0
1286,tomar,,1286,tomar,0,0,0,0,0,0,0,0
1287,organizacion,,1287,organizacion,0,0,0,0,0,0,0,0
1288,salvador,,1288,salvador,2,4,0.382151,0.40153,0,0,0,0.002064
1289,honduras,,1289,honduras,0,0,0,0,0,0,0,0
1290,arboles,,1290,arboles,0,0,0,0,0,0,0,0
1291,capitulo,,1291,capitulo,0,0,0,0,0,0,0,0
1292,criminales,,1292,criminales,0,0,0,0,0,0,0,0
1293,seguimiento,,1293,seguimiento,0,0,0,0,0,0,0,0
1294,seis,,1294,seis,0,0,0,0,0,0,0,0
1295,semanas,,1295,semanas,0,0,0,0,0,0,0,0
1296,terna,,1296,terna,0,0,0,0,0,0,0,0
1297,gabinete,,1297,gabinete,0,0,0,0,0,0,0,0
1298,pasada,,1298,pasada,0,0,0,0,0,0,0,0
1299,contratos,,1299,contratos,0,0,0,0,0,0,0,0
1300,direccion,,1300,direccion,0,0,0,0,0,0,0,0
1301,alta,,1301,alta,0,0,0,0,0,0,0,0
1302,bolsas,,1302,bolsas,0,0,0,0,0,0,0,0
1303,nunca,,1303,nunca,0,0,0,0,0,0,0,0
1304,apulo,,1304,apulo,0,0,0,0,0,0,0,0
1305,gilberto,,1305,gilberto,0,0,0,0,0,0,0,0
1306,desminado,,1306,desminado,0,0,0,0,0,0,0,0
1307,salgar,,1307,salgar,2,1,1,1,0,0,0,0.000023
1308,adelante,,1308,adelante,2,1,1,1,0,0,0,0.000023
1309,operaciones,,1309,operaciones,0,0,0,0,0,0,0,0
1310,periodistas,,1310,periodistas,0,0,0,0,0,0,0,0
1311,eduardo,,1311,eduardo,0,0,0,0,0,0,0,0
1312,"!",,1312,"!",0,0,0,0,0,0,0,0
1313,suman,,1313,suman,0,0,0,0,0,0,0,0
1314,dps,,1314,dps,0,0,0,0,0,0,0,0
1315,corrido,,1315,corrido,0,0,0,0,0,0,0,0
1316,magangue,,1316,magangue,0,0,0,0,0,0,0,0
1317,fondos,,1317,fondos,0,0,0,0,0,0,0,0
1318,macri,,1318,macri,0,0,0,0,0,0,0,0
1319,negociacion,,1319,negociacion,0,0,0,0,0,0,0,0
1320,almirante,,1320,almirante,0,0,0,0,0,0,0,0
1321,clan,,1321,clan,0,0,0,0,0,0,0,0
1322,gremios,,1322,gremios,0,0,0,0,0,0,0,0
1323,guaviare,,1323,guaviare,0,0,0,0,0,0,0,0
1324,kenia,,1324,kenia,0,0,0,0,0,0,0,0
1325,uruguay,,1325,uruguay,0,0,0,0,0,0,0,0
1326,minca,,1326,minca,0,0,0,0,0,0,0,0
1327,transportadores,,1327,transportadores,0,0,0,0,0,0,0,0
1328,zidres,,1328,zidres,0,0,0,0,0,0,0,0
1329,suiza,,1329,suiza,0,0,0,0,0,0,0,0
1330,zonas,,1330,zonas,6,5,0.352569,0.370492,0.027961,0.666667,2,0.001878
1331,camino,,1331,camino,2,5,0.344567,0.360013,0,0,0,0.001606
1332,abrir,,1332,abrir,0,0,0,0,0,0,0,0
1333,rosa,,1333,rosa,0,0,0,0,0,0,0,0
1334,pereira,,1334,pereira,0,0,0,0,0,0,0,0
1335,homicidios,,1335,homicidios,0,0,0,0,0,0,0,0
1336,misericordia,,1336,misericordia,0,0,0,0,0,0,0,0
1337,pregunta,,1337,pregunta,4,5,0.320332,0.3331,0,0,0,0.00115
1338,manera,,1338,manera,0,0,0,0,0,0,0,0
1339,respuesta,,1339,respuesta,0,0,0,0,0,0,0,0
1340,vidas,,1340,vidas,0,0,0,0,0,0,0,0
1341,bajo,,1341,bajo,0,0,0,0,0,0,0,0
1342,comando,,1342,comando,0,0,0,0,0,0,0,0
1343,patriotica,,1343,patriotica,0,0,0,0,0,0,0,0
1344,construir,,1344,construir,4,5,0.344567,0.360013,0,0,0,0.003212
1345,avianca,,1345,avianca,0,0,0,0,0,0,0,0
1346,caterine,,1346,caterine,0,0,0,0,0,0,0,0
1347,legitimidad,,1347,legitimidad,0,0,0,0,0,0,0,0
1348,dicho,,1348,dicho,0,0,0,0,0,0,0,0
1349,escuchar,,1349,escuchar,0,0,0,0,0,0,0,0
1350,votaron,,1350,votaron,0,0,0,0,0,0,0,0
1351,domingo,,1351,domingo,0,0,0,0,0,0,0,0
1352,huracan,,1352,huracan,0,0,0,0,0,0,0,0
1353,apoyaron,,1353,apoyaron,0,0,0,0,0,0,0,0
1354,reuni,,1354,reuni,0,0,0,0,0,0,0,0
1355,une,,1355,une,0,0,0,0,0,0,0,0
1356,voto,,1356,voto,0,0,0,0,0,0,0,0
1357,cacao,,1357,cacao,0,0,0,0,0,0,0,0
1358,corporacion,,1358,corporacion,0,0,0,0,0,0,0,0
1359,francisco,,1359,francisco,2,5,0.344567,0.360013,0,0,0,0.001606
1360,colaboracion,,1360,colaboracion,0,0,0,0,0,0,0,0
1361,lluvias,,1361,lluvias,0,0,0,0,0,0,0,0
1362,jurisdiccion,,1362,jurisdiccion,0,0,0,0,0,0,0,0
1363,pedido,,1363,pedido,0,0,0,0,0,0,0,0
1364,realizara,,1364,realizara,0,0,0,0,0,0,0,0
1365,apec,,1365,apec,0,0,0,0,0,0,0,0
1366,tratamiento,,1366,tratamiento,0,0,0,0,0,0,0,0
1367,buenos,,1367,buenos,0,0,0,0,0,0,0,0
1368,familiares,,1368,familiares,0,0,0,0,0,0,0,0
1369,accidente,,1369,accidente,0,0,0,0,0,0,0,0
1370,noruega,,1370,noruega,6,6,0.279888,0.289055,0,1,1,0.000078
1371,juanes,,1371,juanes,0,0,0,0,0,0,0,0
1372,razon,,1372,razon,0,0,0,0,0,0,0,0
1373,fao,,1373,fao,0,0,0,0,0,0,0,0
1374,transicion,,1374,transicion,2,5,0.384202,0.402595,0,0,0,0.002252
1375,delitos,,1375,delitos,0,0,0,0,0,0,0,0
1376,alegria,,1376,alegria,0,0,0,0,0,0,0,0
1377,tenerlo,,1377,tenerlo,0,0,0,0,0,0,0,0
1378,hollande,,1378,hollande,0,0,0,0,0,0,0,0
1379,risaralda,,1379,risaralda,0,0,0,0,0,0,0,0
1380,irlanda,,1380,irlanda,0,0,0,0,0,0,0,0
1381,mercado,,1381,mercado,0,0,0,0,0,0,0,0
1382,todavia,,1382,todavia,0,0,0,0,0,0,0,0
1383,gasto,,1383,gasto,0,0,0,0,0,0,0,0
1384,ordenador,,1384,ordenador,0,0,0,0,0,0,0,0
1385,suspendido,,1385,suspendido,0,0,0,0,0,0,0,0
1386,paris,,1386,paris,0,0,0,0,0,0,0,0
1387,contraloria,,1387,contraloria,0,0,0,0,0,0,0,0
1388,paramo,,1388,paramo,2,5,0.276949,0.285063,0,0,0,0.000027
1389,galeon,,1389,galeon,0,0,0,0,0,0,0,0
1390,reyes,,1390,reyes,0,0,0,0,0,0,0,0
1391,planes,,1391,planes,0,0,0,0,0,0,0,0
1392,bienes,,1392,bienes,0,0,0,0,0,0,0,0
1393,extincion,,1393,extincion,0,0,0,0,0,0,0,0
1394,dominio,,1394,dominio,0,0,0,0,0,0,0,0
1395,junio,,1395,junio,0,0,0,0,0,0,0,0
1396,sergio,,1396,sergio,0,0,0,0,0,0,0,0
1397,ex,,1397,ex,0,0,0,0,0,0,0,0
1398,necesitan,,1398,necesitan,0,0,0,0,0,0,0,0
1399,colonial,,1399,colonial,0,0,0,0,0,0,0,0
1400,modelo,,1400,modelo,0,0,0,0,0,0,0,0
1401,pence,,1401,pence,0,0,0,0,0,0,0,0
1402,naranja,,1402,naranja,0,0,0,0,0,0,0,0
1403,verdadero,,1403,verdadero,0,0,0,0,0,0,0,0
1404,cupos,,1404,cupos,0,0,0,0,0,0,0,0
1405,carolina,,1405,carolina,0,0,0,0,0,0,0,0
1406,exito,,1406,exito,0,0,0,0,0,0,0,0
1407,cuidar,,1407,cuidar,0,0,0,0,0,0,0,0
1408,documental,,1408,documental,0,0,0,0,0,0,0,0
1409,bimbo,,1409,bimbo,0,0,0,0,0,0,0,0
1410,despues,,1410,despues,0,0,0,0,0,0,0,0
1411,santidad,,1411,santidad,0,0,0,0,0,0,0,0
1412,necesitamos,,1412,necesitamos,0,0,0,0,0,0,0,0
1413,iglesia,,1413,iglesia,2,3,0.5,0.611111,0,0,0,0.000023
1414,jesus,,1414,jesus,4,5,0.29982,0.307452,0,0,0,0.000067
1415,perdon,,1415,perdon,0,0,0,0,0,0,0,0
1416,discipulos,,1416,discipulos,0,0,0,0,0,0,0,0
1417,virgen,,1417,virgen,0,0,0,0,0,0,0,0
1418,'gen,,1418,'gen,0,0,0,0,0,0,0,0
1419,proteger,,1419,proteger,0,0,0,0,0,0,0,0
1420,aguacate,,1420,aguacate,0,0,0,0,0,0,0,0
1421,isa,,1421,isa,0,0,0,0,0,0,0,0
1422,radical,,1422,radical,0,0,0,0,0,0,0,0
1423,anapoima,,1423,anapoima,0,0,0,0,0,0,0,0
1424,cultural,,1424,cultural,0,0,0,0,0,0,0,0
1425,finlandia,,1425,finlandia,0,0,0,0,0,0,0,0
1426,llanos,,1426,llanos,0,0,0,0,0,0,0,0
1427,liderazgo,,1427,liderazgo,0,0,0,0,0,0,0,0
1428,cocaina,,1428,cocaina,0,0,0,0,0,0,0,0
1429,ciat,,1429,ciat,0,0,0,0,0,0,0,0
1430,tuneles,,1430,tuneles,0,0,0,0,0,0,0,0
1431,ciclistas,,1431,ciclistas,0,0,0,0,0,0,0,0
1432,montanita,,1432,montanita,0,0,0,0,0,0,0,0
1433,scouts,,1433,scouts,0,0,0,0,0,0,0,0
1434,nespresso,,1434,nespresso,0,0,0,0,0,0,0,0
1435,instalaciones,,1435,instalaciones,0,0,0,0,0,0,0,0
1436,rodriguez,,1436,rodriguez,0,0,0,0,0,0,0,0
1437,cafetero,,1437,cafetero,0,0,0,0,0,0,0,0
1438,aftosa,,1438,aftosa,0,0,0,0,0,0,0,0
1439,oie,,1439,oie,0,0,0,0,0,0,0,0
1440,guillermo,,1440,guillermo,0,0,0,0,0,0,0,0
1441,leon,,1441,leon,0,0,0,0,0,0,0,0
1442,hombre,,1442,hombre,0,0,0,0,0,0,0,0
1443,hora,,1443,hora,0,0,0,0,0,0,0,0
1444,minimo,,1444,minimo,0,0,0,0,0,0,0,0
1445,implementacion,,1445,implementacion,0,0,0,0,0,0,0,0
1446,patrullero,,1446,patrullero,0,0,0,0,0,0,0,0
1447,migrantes,,1447,migrantes,0,0,0,0,0,0,0,0
1448,moreno,,1448,moreno,0,0,0,0,0,0,0,0
1449,binacional,,1449,binacional,0,0,0,0,0,0,0,0
1450,macizo,,1450,macizo,0,0,0,0,0,0,0,0
1451,debemos,,1451,debemos,0,0,0,0,0,0,0,0
1452,prometi,,1452,prometi,0,0,0,0,0,0,0,0
1453,ocho,,1453,ocho,0,0,0,0,0,0,0,0
1454,especialmente,,1454,especialmente,0,0,0,0,0,0,0,0
1455,donacion,,1455,donacion,0,0,0,0,0,0,0,0
1456,construido,,1456,construido,0,0,0,0,0,0,0,0
1457,mesetas,,1457,mesetas,0,0,0,0,0,0,0,0
1458,objetivo,,1458,objetivo,0,0,0,0,0,0,0,0
1459,monaco,,1459,monaco,0,0,0,0,0,0,0,0
1460,nevada,,1460,nevada,0,0,0,0,0,0,0,0
1461,viaducto,,1461,viaducto,0,0,0,0,0,0,0,0
1462,reincorporacion,,1462,reincorporacion,0,0,0,0,0,0,0,0
1463,mocoa,,1463,mocoa,0,0,0,0,0,0,0,0
1464,firma,,1464,firma,0,0,0,0,0,0,0,0
1465,jep,,1465,jep,0,0,0,0,0,0,0,0
1466,wade,,1466,wade,0,0,0,0,0,0,0,0
1467,edad,,1467,edad,0,0,0,0,0,0,0,0
1468,gabriel,,1468,gabriel,0,0,0,0,0,0,0,0
1469,hungria,,1469,hungria,0,0,0,0,0,0,0,0
1470,merkel,,1470,merkel,0,0,0,0,0,0,0,0
1471,epm,,1471,epm,0,0,0,0,0,0,0,0
1472,garantias,,1472,garantias,0,0,0,0,0,0,0,0
1473,matrimonios,,1473,matrimonios,0,0,0,0,0,0,0,0
1474,largo,,1474,largo,0,0,0,0,0,0,0,0
1475,otan,,1475,otan,0,0,0,0,0,0,0,0
1476,expertos,,1476,expertos,0,0,0,0,0,0,0,0
1477,onu,,1477,onu,0,0,0,0,0,0,0,0
1478,capacitacion,,1478,capacitacion,0,0,0,0,0,0,0,0
1479,vuelta,,1479,vuelta,0,0,0,0,0,0,0,0
1480,olaya,,1480,olaya,0,0,0,0,0,0,0,0
1481,grupos,,1481,grupos,0,0,0,0,0,0,0,0
1482,notariado,,1482,notariado,0,0,0,0,0,0,0,0
1483,sociales,,1483,sociales,0,0,0,0,0,0,0,0
1484,actividad,,1484,actividad,0,0,0,0,0,0,0,0
1485,toca,,1485,toca,0,0,0,0,0,0,0,0
1486,hallazgo,,1486,hallazgo,0,0,0,0,0,0,0,0
1487,hernandez,,1487,hernandez,0,0,0,0,0,0,0,0
1488,doris,,1488,doris,0,0,0,0,0,0,0,0
1489,venezolanos,,1489,venezolanos,0,0,0,0,0,0,0,0
1490,sierra,,1490,sierra,0,0,0,0,0,0,0,0
